usuario,produto
0,1551
0,1651
0,1985
0,1607
0,1626
0,1666
0,1683
0,1828
0,1580
1,1668
1,1790
1,1809
1,1567
1,1964
1,1594
1,1866
1,1738
2,1728
2,1846
2,1632
2,1487
2,1969
2,1858
2,1792
2,1497
2,1981
2,1737
2,1888
3,1537
3,1474
3,1923
3,1845
3,1804
3,1730
3,1861
4,1579
4,1635
4,1887
4,1666
4,1463
4,1466
4,1791
5,1811
5,1666
5,1651
5,1462
5,1808
5,1842
5,1607
5,1618
5,1580
5,1574
5,1685
6,1520
6,1579
6,1550
6,1991
6,1562
6,1628
6,1466
6,1791
7,1731
7,1946
7,1814
7,1723
7,1678
7,1655
7,1805
7,1919
7,1911
8,1688
8,1497
8,1513
8,1862
8,1679
8,1662
8,1888
8,1737
9,1578
9,1791
9,1662
10,1477
10,1905
10,1953
10,1961
10,1738
10,1940
10,1781
10,1568
10,1998
10,1652
10,1744
11,1650
11,1811
11,1969
11,1733
11,1998
11,1712
11,1668
11,1981
11,1594
11,1689
12,1644
12,1454
12,1500
12,1518
12,1704
12,1615
12,1539
13,1567
13,1946
13,1773
13,1655
13,1911
13,1650
13,1805
13,1600
13,1678
14,1923
14,1465
14,1857
14,1720
14,1905
15,1791
15,1774
15,1912
15,1579
15,1715
15,1463
15,1858
15,1797
15,1664
15,1819
16,1814
16,1729
16,1815
16,1647
16,1731
16,1723
16,1590
17,1914
17,1518
17,1504
17,1737
17,1539
17,1833
17,1481
17,1513
17,1688
18,1861
18,1607
18,1571
18,1735
19,1985
19,1551
19,1927
19,1684
19,1874
19,1566
20,1672
20,1985
20,1564
20,1787
20,1461
20,1798
21,1652
21,1738
21,1594
22,1811
22,1666
22,1580
22,1607
23,1526
23,1624
23,1486
23,1896
23,1661
23,1523
23,1875
23,1485
24,1911
24,1678
24,1773
24,1946
24,1919
24,1650
24,1655
24,1930
24,1805
25,1671
25,1573
25,1482
25,1782
25,1826
25,1444
25,1521
25,1642
25,1467
26,1710
26,1772
26,1807
26,1509
26,1999
27,1895
27,1465
27,1991
27,1718
27,1700
27,1635
28,1957
28,1448
28,1511
28,1751
29,1927
29,1923
29,1551
29,1723
29,1815
29,1548
29,1729
30,1790
30,1899
30,1825
30,1548
30,1923
31,1707
31,1877
31,1662
31,1578
31,1547
31,1822
31,1720
31,1843
31,1956
32,1585
32,1560
32,1566
32,1790
33,1855
33,1620
33,1649
33,1915
33,1924
33,1879
34,1504
34,1914
34,1816
34,1688
34,1852
34,1602
35,1655
35,1930
35,1946
35,1910
35,1919
35,1600
35,1911
35,1678
35,1805
36,1614
36,1670
36,1905
36,1843
36,1922
36,1592
37,1791
37,1659
37,1616
37,1834
37,1610
37,1570
37,1732
38,1798
38,1741
38,1876
39,1796
39,1888
40,1628
40,1589
40,1550
40,1894
40,1823
41,1496
41,1771
41,1832
41,1621
42,1914
42,1479
42,1862
42,1816
42,1960
42,1888
42,1679
43,1557
43,1857
43,1579
43,1455
43,1614
43,1640
43,1481
43,1750
44,1833
44,1548
44,1497
44,1869
44,1539
44,1923
44,1825
44,1888
45,1906
45,1784
45,1550
45,1894
45,1823
45,1486
45,1628
45,1661
45,1613
46,1441
46,1603
46,1585
46,1593
46,1859
46,1798
46,1486
46,1906
47,1589
47,1551
47,1823
47,1628
47,1894
47,1985
48,1526
48,1530
48,1757
48,1523
48,1613
49,1958
49,1873
49,1855
49,1693
49,1622
49,1736
49,1948
49,1966
49,1921
49,1908
50,1923
50,1726
50,1825
51,1514
51,1923
51,1820
51,1913
51,1548
51,1825
51,1897
51,1522
51,1609
51,1588
51,1740
52,1478
52,1662
52,1926
52,1956
52,1578
53,1486
53,1952
53,1508
53,1491
53,1698
53,1812
53,1621
53,1986
53,1540
53,1499
54,1635
54,1579
54,1663
54,1993
54,1668
54,1543
54,1652
54,1791
54,1985
54,1681
54,1551
54,1846
55,1665
55,1993
55,1940
55,1543
55,1792
55,1567
55,1809
55,1969
55,1668
55,1916
56,1511
56,1589
56,1710
56,1496
56,1881
56,1443
56,1905
56,1614
56,1545
57,1880
57,1466
57,1906
57,1441
57,1791
57,1579
57,1539
57,1635
57,1603
58,1484
58,1605
58,1756
58,1706
58,1929
58,1744
58,1821
58,1951
58,1534
59,1733
59,1813
59,1564
59,1735
59,1445
59,1732
59,1610
59,1834
59,1845
60,1499
60,1521
60,1693
60,1698
60,1687
60,1605
60,1904
60,1924
60,1821
60,1976
61,1614
61,1961
61,1720
61,1877
61,1558
61,1843
61,1905
61,1592
61,1670
62,1790
62,1560
62,1801
62,1566
62,1874
63,1843
63,1720
63,1944
63,1614
64,1788
64,1965
64,1540
64,1850
64,1532
65,1572
65,1603
65,1628
65,1848
65,1823
65,1593
65,1923
65,1585
65,1798
66,1811
66,1607
66,1685
66,1676
66,1808
66,1666
66,1580
67,1710
67,1957
67,1882
67,1585
67,1807
67,1612
67,1496
67,1984
67,1667
67,1775
67,1593
67,1883
67,1832
68,1821
68,1620
68,1546
68,1682
68,1604
68,1499
68,1536
69,1921
69,1635
69,1872
69,1953
69,1532
69,1512
69,1929
69,1909
70,1946
70,1647
70,1911
70,1650
70,1919
70,1600
70,1729
71,1791
71,1887
71,1565
71,1965
71,1850
71,1640
71,1821
71,1604
72,1729
72,1815
72,1647
72,1723
72,1814
72,1731
72,1590
73,1906
73,1590
73,1815
73,1585
73,1798
73,1729
73,1441
73,1603
73,1483
73,1647
73,1723
73,1612
73,1731
74,1585
74,1647
74,1678
74,1930
74,1723
74,1441
74,1880
74,1593
74,1729
74,1815
75,1548
75,1897
75,1825
75,1923
75,1514
76,1647
76,1562
76,1550
76,1823
76,1894
76,1628
76,1662
76,1848
76,1589
77,1704
77,1981
77,1998
77,1556
77,1736
77,1969
77,1628
77,1738
78,1801
78,1790
78,1652
78,1543
78,1880
78,1520
78,1612
78,1969
78,1915
78,1567
79,1585
79,1550
79,1579
79,1603
79,1635
79,1628
79,1823
80,1607
80,1580
80,1811
80,1475
80,1574
80,1666
80,1941
80,1662
80,1748
80,1651
81,1520
81,1754
81,1790
81,1560
81,1801
81,1585
82,1870
82,1972
82,1794
82,1901
82,1797
82,1521
82,1890
82,1910
83,1834
83,1733
83,1982
83,1885
83,1564
83,1482
83,1457
84,1825
84,1613
84,1739
84,1514
84,1789
84,1757
84,1923
84,1548
84,1725
84,1875
85,1624
85,1604
85,1565
85,1965
85,1590
85,1696
85,1896
85,1482
85,1784
85,1536
86,1773
86,1655
86,1823
86,1550
86,1911
86,1600
86,1970
86,1800
86,1946
86,1562
86,1894
86,1650
86,1919
86,1861
86,1678
87,1787
87,1942
87,1885
87,1594
87,1471
87,1993
87,1543
87,1487
87,1743
87,1839
87,1980
87,1445
87,1866
87,1959
88,1897
88,1825
88,1923
88,1548
88,1768
88,1514
89,1899
89,1902
89,1982
89,1517
89,1716
89,1630
89,1994
90,1644
90,1882
90,1943
90,1670
90,1843
90,1541
91,1770
91,1882
91,1484
91,1642
91,1698
92,1566
92,1874
92,1593
92,1495
92,1906
92,1585
92,1793
92,1667
93,1715
93,1893
93,1800
93,1804
93,1519
93,1627
93,1797
93,1922
94,1589
94,1628
94,1550
94,1923
94,1548
94,1478
95,1848
95,1815
95,1823
95,1550
95,1970
95,1647
95,1589
95,1729
96,1555
96,1874
96,1968
96,1889
96,1517
96,1793
96,1566
96,1691
96,1899
96,1700
97,1762
97,1901
97,1921
97,1917
97,1450
97,1836
97,1770
97,1913
97,1821
98,1533
98,1523
98,1486
98,1675
98,1526
99,1603
99,1906
99,1763
99,1664
99,1585
99,1893
99,1533
99,1914
99,1593
99,1513
100,1662
100,1921
100,1450
100,1848
100,1972
100,1499
100,1611
100,1482
100,1721
100,1770
100,1884
101,1613
101,1503
101,1784
101,1574
101,1523
101,1722
101,1739
101,1563
102,1917
102,1823
102,1557
102,1673
102,1954
102,1481
102,1465
102,1793
102,1684
102,1691
102,1874
102,1968
102,1945
102,1566
102,1644
102,1495
102,1615
103,1939
103,1908
103,1860
103,1791
103,1953
103,1995
103,1637
103,1693
103,1972
103,1568
104,1985
104,1551
104,1741
104,1828
104,1927
105,1482
105,1605
105,1835
105,1770
105,1974
105,1620
105,1850
105,1824
106,1556
106,1897
106,1518
106,1644
106,1548
106,1797
106,1774
107,1580
107,1503
107,1785
107,1676
107,1651
107,1875
107,1574
107,1842
107,1523
107,1530
108,1676
108,1953
108,1842
108,1574
108,1580
108,1801
108,1560
108,1685
108,1455
108,1748
109,1801
109,1751
109,1568
109,1520
109,1758
109,1953
109,1935
109,1621
110,1613
110,1592
110,1575
110,1523
111,1579
111,1887
111,1991
111,1791
112,1742
112,1928
112,1537
112,1735
112,1571
112,1895
112,1861
112,1987
112,1514
112,1568
113,1889
113,1480
113,1517
113,1555
113,1806
113,1700
113,1899
114,1650
114,1568
114,1953
114,1603
114,1750
114,1927
114,1859
114,1455
114,1906
114,1585
114,1458
114,1516
114,1612
115,1984
115,1953
115,1882
115,1935
115,1909
115,1490
115,1772
115,1509
116,1919
116,1954
116,1946
116,1674
116,1773
116,1577
116,1857
117,1858
117,1823
117,1819
117,1589
117,1628
117,1935
118,1896
118,1613
118,1486
118,1757
118,1575
119,1899
119,1902
119,1517
120,1493
120,1985
120,1757
120,1523
120,1486
120,1741
121,1590
121,1723
121,1647
121,1729
121,1815
121,1814
121,1541
122,1791
122,1579
122,1887
122,1991
122,1923
122,1463
123,1609
123,1644
123,1857
123,1615
123,1539
123,1465
124,1740
124,1465
124,1857
124,1577
124,1820
124,1646
124,1776
125,1563
125,1947
125,1909
125,1882
125,1999
125,1537
125,1511
125,1613
125,1749
126,1590
126,1567
126,1964
126,1487
126,1930
126,1773
126,1792
127,1441
127,1842
127,1580
127,1593
127,1887
127,1683
128,1993
128,1870
128,1652
128,1915
128,1964
128,1981
128,1487
129,1801
129,1979
129,1696
129,1828
129,1583
129,1563
129,1551
129,1452
129,1757
129,1875
129,1523
129,1520
130,1953
130,1750
130,1568
130,1455
130,1762
130,1781
130,1482
131,1457
131,1982
131,1471
131,1961
131,1610
131,1936
131,1720
131,1672
131,1726
131,1932
131,1733
132,1923
132,1825
132,1514
132,1897
132,1883
133,1656
133,1688
134,1935
134,1713
134,1895
134,1718
134,1669
134,1473
134,1636
134,1496
134,1882
134,1730
135,1496
135,1772
135,1509
135,1545
135,1669
135,1443
135,1775
136,1458
136,1635
136,1991
136,1744
136,1953
136,1801
136,1500
136,1455
136,1791
136,1466
136,1750
136,1560
136,1640
137,1877
137,1592
137,1902
137,1961
137,1603
137,1880
137,1614
137,1517
137,1899
137,1612
138,1666
138,1651
138,1574
138,1842
138,1811
138,1685
138,1808
138,1676
139,1995
139,1561
139,1972
139,1444
139,1565
139,1835
139,1484
139,1706
140,1984
140,1957
140,1902
140,1935
140,1448
140,1899
140,1795
140,1771
141,1571
141,1734
141,1730
141,1531
141,1797
142,1628
142,1958
142,1521
142,1642
142,1816
143,1881
143,1795
143,1751
143,1549
143,1560
143,1541
144,1909
144,1775
144,1525
144,1882
144,1443
144,1508
144,1818
144,1621
144,1545
144,1448
144,1509
145,1684
145,1793
145,1566
146,1888
146,1533
146,1830
146,1869
146,1833
146,1862
146,1679
146,1513
147,1729
147,1590
147,1647
147,1723
147,1815
147,1731
147,1814
148,1520
148,1801
148,1560
148,1790
149,1917
149,1465
149,1609
149,1808
149,1842
149,1811
149,1580
149,1748
149,1462
149,1666
149,1557
150,1672
150,1587
150,1644
150,1836
150,1536
150,1701
151,1684
151,1566
151,1495
151,1628
151,1550
151,1562
151,1823
151,1848
151,1589
151,1968
152,1757
152,1563
152,1485
152,1503
152,1613
152,1875
152,1452
152,1739
152,1896
152,1979
153,1580
153,1842
153,1748
153,1676
153,1666
153,1626
153,1685
154,1589
154,1550
154,1848
154,1823
154,1894
155,1878
155,1692
155,1836
155,1512
155,1706
155,1599
155,1535
155,1620
156,1941
156,1607
156,1666
156,1462
156,1685
156,1539
156,1651
156,1684
156,1842
156,1867
156,1676
156,1580
156,1574
156,1626
156,1518
156,1793
157,1895
157,1519
157,1893
157,1845
157,1660
157,1571
157,1861
158,1488
158,1806
158,1517
158,1899
158,1889
158,1700
158,1902
158,1555
158,1623
159,1505
159,1858
159,1500
159,1539
159,1603
159,1667
159,1797
159,1556
159,1912
160,1935
160,1795
160,1805
160,1775
160,1713
160,1710
160,1650
160,1464
161,1888
161,1875
161,1688
161,1737
161,1852
161,1497
161,1796
161,1656
161,1529
162,1482
162,1484
162,1890
162,1512
162,1706
162,1535
163,1944
163,1649
163,1964
163,1940
163,1562
163,1589
163,1877
163,1823
164,1517
164,1488
164,1889
164,1899
164,1555
164,1700
164,1806
164,1902
164,1623
165,1912
165,1666
165,1572
165,1858
165,1867
165,1462
165,1626
166,1700
166,1480
166,1555
166,1517
166,1889
166,1902
166,1899
167,1478
167,1684
167,1831
167,1897
167,1662
167,1968
167,1548
167,1793
167,1923
167,1825
167,1962
167,1566
167,1495
167,1768
168,1594
168,1466
168,1752
168,1711
168,1874
169,1919
169,1655
169,1678
169,1985
169,1551
169,1911
169,1927
169,1741
170,1856
170,1662
170,1523
170,1513
170,1739
170,1792
171,1578
171,1668
171,1664
171,1686
172,1828
172,1715
172,1797
172,1905
172,1619
172,1572
173,1710
173,1957
173,1973
173,1909
173,1985
173,1511
173,1464
173,1713
173,1741
173,1997
173,1669
173,1828
174,1548
174,1923
174,1514
174,1825
175,1923
175,1529
175,1651
175,1574
176,1635
176,1819
176,1572
176,1763
176,1579
176,1791
176,1912
176,1887
176,1858
177,1655
177,1919
177,1773
177,1650
177,1914
177,1737
177,1816
177,1946
178,1707
178,1592
178,1877
178,1793
178,1684
178,1843
178,1968
179,1696
179,1523
179,1526
179,1757
180,1744
180,1987
180,1568
180,1967
180,1750
180,1523
180,1953
180,1455
180,1781
180,1778
180,1458
180,1742
181,1522
181,1673
181,1731
181,1666
181,1729
181,1917
181,1647
181,1740
181,1815
181,1706
182,1575
182,1613
182,1757
182,1875
183,1635
183,1579
183,1940
183,1942
183,1792
183,1466
183,1652
183,1791
183,1487
183,1663
184,1463
184,1616
184,1445
184,1635
184,1887
184,1579
184,1991
184,1564
185,1790
185,1662
185,1858
185,1876
185,1560
185,1506
185,1715
185,1714
185,1520
185,1797
186,1791
186,1635
186,1887
186,1463
186,1466
186,1640
186,1991
186,1579
187,1511
187,1745
187,1816
187,1737
187,1710
188,1539
188,1911
188,1454
188,1615
188,1600
188,1655
188,1946
189,1902
189,1700
189,1555
189,1456
189,1623
189,1806
190,1441
190,1839
190,1603
190,1612
190,1859
190,1585
190,1593
190,1880
190,1906
190,1798
190,1516
191,1752
191,1659
191,1708
191,1590
191,1969
191,1477
191,1993
192,1733
192,1585
192,1603
192,1994
192,1689
192,1564
192,1798
192,1851
192,1514
192,1639
192,1471
192,1732
192,1829
192,1906
193,1887
193,1791
193,1635
193,1466
193,1463
193,1991
193,1579
194,1627
194,1754
194,1781
194,1858
194,1520
194,1912
194,1750
194,1893
194,1774
194,1560
194,1506
195,1568
195,1455
195,1967
195,1953
195,1781
196,1911
196,1556
196,1876
196,1644
196,1615
196,1678
196,1518
196,1790
196,1655
196,1560
196,1773
197,1615
197,1556
197,1500
197,1518
197,1487
197,1644
197,1713
197,1454
197,1650
197,1539
198,1588
198,1848
198,1550
198,1917
198,1655
198,1894
198,1577
198,1918
198,1650
198,1773
198,1823
198,1946
198,1562
198,1857
198,1740
199,1995
199,1450
199,1671
199,1706
199,1901
199,1857
199,1821
199,1587
200,1940
200,1664
200,1505
200,1893
200,1572
200,1858
200,1797
201,1555
201,1946
201,1902
201,1628
202,1627
202,1858
202,1774
202,1505
202,1893
203,1662
203,1951
203,1840
203,1982
203,1733
203,1956
204,1592
205,1985
205,1741
205,1574
205,1828
205,1619
205,1927
205,1551
205,1753
205,1681
206,1482
206,1540
206,1532
206,1693
206,1620
206,1606
206,1752
206,1499
206,1671
206,1587
207,1729
207,1723
207,1815
207,1590
207,1647
207,1731
207,1814
208,1650
208,1523
208,1655
208,1503
208,1773
208,1530
209,1635
209,1791
209,1579
209,1640
209,1991
209,1463
209,1887
210,1585
210,1825
210,1593
210,1552
210,1887
210,1897
210,1923
211,1512
211,1815
211,1523
211,1535
212,1463
212,1887
212,1819
212,1791
212,1635
213,1471
213,1564
213,1457
213,1639
213,1733
213,1625
213,1689
213,1501
214,1848
214,1661
214,1875
214,1887
214,1463
214,1784
214,1635
214,1523
215,1560
215,1906
215,1876
216,1897
216,1923
216,1899
216,1548
216,1488
216,1825
216,1456
216,1889
216,1514
216,1902
217,1946
217,1791
217,1600
217,1919
217,1579
218,1991
218,1759
218,1471
218,1699
218,1733
218,1570
218,1635
218,1791
218,1463
218,1899
218,1494
218,1806
218,1629
218,1743
218,1689
218,1580
219,1660
219,1486
219,1466
220,1773
220,1517
220,1889
220,1456
220,1655
220,1700
220,1725
220,1670
220,1899
221,1902
221,1899
221,1806
221,1488
221,1480
221,1700
221,1623
221,1555
221,1456
222,1823
222,1589
222,1970
222,1848
222,1550
222,1628
222,1894
222,1603
222,1503
223,1539
223,1644
223,1704
223,1500
223,1615
223,1556
223,1454
223,1518
224,1491
224,1985
224,1895
224,1719
224,1924
224,1693
224,1706
224,1540
224,1927
224,1611
224,1904
224,1971
224,1637
224,1654
225,1813
225,1642
225,1821
225,1835
225,1860
225,1531
225,1535
225,1921
225,1544
225,1701
226,1795
226,1814
226,1957
226,1909
226,1935
226,1464
227,1719
227,1682
227,1797
227,1817
228,1902
229,1866
229,1784
229,1503
229,1486
229,1548
229,1696
229,1646
229,1917
229,1526
230,1522
230,1857
230,1953
230,1945
231,1902
231,1593
231,1924
231,1568
231,1537
231,1585
231,1441
232,1600
232,1585
232,1593
232,1911
232,1603
232,1946
232,1520
232,1667
233,1620
233,1552
233,1922
233,1558
233,1604
233,1821
233,1860
233,1921
233,1836
234,1509
234,1832
234,1930
235,1455
235,1744
235,1497
235,1781
235,1679
235,1869
236,1675
236,1820
236,1857
236,1688
236,1539
236,1862
236,1816
237,1603
237,1441
237,1880
237,1798
237,1593
237,1729
237,1906
237,1723
237,1516
237,1815
238,1919
238,1750
238,1650
238,1678
238,1911
238,1568
238,1953
238,1805
238,1946
238,1781
238,1458
239,1801
239,1460
239,1560
239,1974
239,1754
239,1520
240,1465
240,1857
240,1793
240,1566
240,1969
240,1913
240,1917
240,1848
240,1628
240,1740
241,1505
241,1566
241,1684
241,1858
241,1862
241,1893
241,1497
241,1797
241,1495
241,1888
241,1833
242,1693
242,1482
242,1532
242,1534
242,1677
242,1457
242,1698
242,1626
242,1467
243,1659
243,1667
243,1906
243,1593
243,1612
243,1969
244,1508
244,1780
244,1775
244,1795
244,1496
244,1490
244,1844
244,1949
245,1828
245,1668
245,1964
245,1548
245,1487
245,1477
245,1738
245,1551
246,1991
246,1893
246,1887
246,1791
246,1466
246,1764
246,1463
247,1465
247,1557
247,1580
247,1646
247,1918
247,1628
247,1740
247,1917
247,1481
247,1522
248,1550
248,1823
248,1894
248,1562
248,1848
248,1628
248,1970
248,1589
249,1567
249,1993
249,1633
250,1662
250,1831
250,1650
250,1930
250,1805
250,1566
250,1946
250,1684
250,1691
250,1911
250,1495
251,1564
251,1621
251,1644
251,1556
251,1712
251,1445
251,1934
251,1539
251,1840
251,1500
251,1727
251,1518
251,1494
251,1885
252,1832
252,1935
252,1613
252,1986
252,1713
252,1485
252,1710
253,1956
253,1985
253,1962
254,1551
254,1741
254,1750
254,1455
254,1828
254,1953
254,1780
254,1619
254,1927
254,1985
255,1500
255,1846
255,1913
255,1740
255,1518
255,1757
256,1814
256,1590
256,1593
256,1919
256,1773
257,1523
257,1644
257,1681
257,1551
257,1741
257,1624
257,1615
257,1563
257,1789
258,1922
258,1593
258,1848
258,1483
258,1562
258,1603
258,1667
258,1516
259,1887
259,1566
259,1619
259,1551
259,1753
259,1791
259,1793
259,1874
260,1871
260,1793
260,1684
260,1874
260,1526
260,1889
260,1495
260,1968
260,1691
261,1478
261,1737
261,1714
261,1533
261,1888
261,1816
261,1662
261,1578
261,1513
261,1796
261,1852
262,1906
262,1902
262,1798
263,1866
263,1846
263,1801
263,1752
263,1942
263,1760
263,1998
263,1513
263,1497
264,1742
264,1906
264,1612
264,1778
264,1585
264,1780
264,1516
265,1642
265,1884
265,1762
265,1995
265,1966
265,1658
265,1706
265,1692
266,1560
266,1985
266,1801
266,1670
266,1592
266,1520
266,1922
266,1741
266,1927
267,1445
267,1471
267,1629
267,1787
267,1733
267,1759
267,1538
267,1501
267,1902
268,1862
268,1458
268,1539
268,1568
269,1681
269,1828
269,1985
269,1927
269,1753
269,1805
269,1551
269,1460
269,1741
269,1619
270,1689
270,1564
270,1631
270,1897
270,1629
270,1829
270,1923
270,1690
271,1504
271,1606
271,1782
271,1816
271,1499
271,1535
271,1852
271,1888
271,1955
271,1586
271,1893
271,1642
272,1959
272,1763
272,1787
272,1548
272,1468
272,1733
272,1564
272,1514
273,1555
273,1737
274,1808
274,1894
274,1848
275,1448
275,1729
275,1723
275,1815
275,1814
275,1590
275,1647
275,1852
275,1731
276,1893
276,1800
276,1858
276,1715
276,1664
276,1797
277,1919
277,1805
277,1712
277,1997
277,1911
277,1655
277,1448
277,1471
278,1862
278,1497
278,1871
278,1737
278,1793
278,1968
278,1495
278,1874
279,1445
279,1841
279,1885
279,1702
279,1726
279,1461
279,1689
280,1590
280,1815
280,1731
280,1814
280,1729
280,1723
281,1462
281,1676
281,1842
281,1666
282,1565
282,1850
282,1491
282,1966
282,1921
282,1816
282,1512
283,1923
283,1905
283,1725
283,1922
284,1601
284,1739
284,1624
284,1526
284,1486
285,1544
285,1546
285,1966
285,1860
285,1534
285,1620
285,1467
285,1586
286,1814
286,1462
286,1647
286,1723
286,1590
286,1815
286,1644
287,1570
287,1454
287,1769
287,1592
287,1689
287,1788
287,1980
287,1733
287,1539
287,1644
287,1639
287,1885
288,1726
288,1457
288,1946
289,1985
289,1537
289,1741
289,1927
290,1662
290,1547
290,1578
290,1831
290,1478
290,1956
291,1614
291,1592
291,1720
291,1877
292,1691
292,1551
292,1968
293,1906
293,1798
293,1571
293,1612
293,1859
293,1537
293,1730
293,1593
294,1899
294,1679
294,1497
294,1666
294,1517
295,1506
295,1945
295,1985
295,1913
295,1741
295,1917
296,1740
296,1945
296,1588
296,1857
296,1917
296,1465
296,1918
296,1557
296,1609
296,1614
296,1646
297,1991
297,1466
297,1635
297,1791
298,1488
298,1443
298,1490
298,1700
298,1899
298,1881
298,1517
299,1815
299,1748
299,1723
299,1651
300,1464
300,1541
300,1935
300,1490
300,1662
300,1832
300,1509
300,1790
300,1801
300,1621
300,1460
300,1560
301,1478
301,1875
301,1696
301,1547
301,1926
301,1662
301,1757
302,1548
302,1923
303,1773
303,1919
303,1805
303,1600
303,1911
303,1650
303,1678
304,1589
304,1628
304,1562
304,1894
304,1848
304,1550
304,1823
305,1575
305,1896
305,1619
305,1939
305,1887
305,1526
305,1456
305,1741
305,1640
305,1681
305,1791
306,1791
306,1635
306,1466
306,1887
307,1720
307,1905
307,1670
307,1558
307,1961
307,1614
307,1822
307,1877
307,1592
308,1659
308,1993
308,1969
308,1668
308,1738
308,1846
308,1594
308,1942
308,1543
309,1740
309,1465
309,1644
309,1500
309,1539
309,1454
309,1917
309,1945
309,1609
309,1557
310,1679
310,1816
310,1497
310,1688
310,1737
310,1833
310,1808
310,1914
310,1559
310,1830
310,1504
311,1688
311,1737
311,1888
311,1852
311,1504
311,1862
312,1566
312,1874
312,1486
312,1691
312,1871
312,1684
312,1968
313,1889
313,1902
313,1555
313,1700
313,1488
313,1899
313,1759
314,1801
314,1790
314,1560
314,1876
314,1520
314,1754
315,1672
315,1811
315,1501
315,1457
315,1726
315,1689
315,1574
315,1808
315,1840
315,1631
315,1469
316,1753
316,1828
316,1551
316,1674
316,1578
316,1681
316,1985
317,1482
317,1696
317,1635
317,1523
317,1975
317,1463
317,1991
317,1861
317,1887
317,1486
317,1613
318,1889
318,1652
318,1969
318,1970
318,1567
318,1550
318,1809
319,1681
319,1585
319,1753
319,1516
319,1603
319,1460
319,1880
320,1456
320,1806
320,1902
320,1700
320,1480
320,1517
320,1889
320,1623
321,1754
321,1876
321,1560
321,1801
321,1790
321,1520
321,1766
321,1752
322,1889
322,1806
322,1488
322,1517
322,1899
322,1985
322,1555
322,1700
322,1456
322,1902
322,1480
323,1566
323,1956
323,1684
323,1691
323,1547
323,1478
324,1644
324,1775
324,1843
324,1501
324,1629
324,1539
325,1466
325,1635
325,1628
325,1991
325,1550
325,1791
325,1640
325,1463
326,1841
326,1662
326,1720
326,1538
327,1797
327,1668
327,1893
327,1664
327,1487
327,1969
327,1652
327,1715
327,1915
327,1684
327,1567
327,1846
328,1737
328,1833
328,1504
328,1550
329,1737
330,1993
330,1487
330,1594
330,1942
331,1885
331,1982
332,1892
332,1995
332,1605
332,1596
332,1791
332,1662
332,1714
332,1578
332,1483
332,1684
332,1507
333,1477
333,1711
333,1851
333,1885
333,1869
333,1457
333,1964
333,1494
333,1990
333,1998
333,1726
333,1922
333,1652
333,1653
334,1969
334,1738
334,1998
334,1530
334,1601
334,1981
334,1696
334,1594
334,1487
335,1861
335,1845
335,1947
335,1735
335,1571
336,1969
336,1652
336,1594
336,1964
336,1752
337,1806
337,1517
337,1456
337,1902
337,1889
337,1623
337,1555
338,1858
338,1720
338,1905
338,1505
338,1819
338,1797
338,1893
339,1510
339,1521
339,1966
339,1826
339,1824
339,1507
340,1520
340,1969
340,1801
340,1809
340,1644
340,1652
340,1964
340,1754
340,1560
340,1866
340,1539
340,1981
340,1704
340,1752
340,1792
341,1681
341,1889
341,1797
341,1619
341,1893
341,1858
341,1700
341,1517
341,1912
341,1985
342,1525
342,1894
342,1848
342,1589
342,1628
342,1625
342,1550
342,1823
342,1562
342,1970
343,1933
343,1448
343,1832
343,1641
343,1953
343,1560
343,1657
343,1636
344,1924
344,1695
344,1537
344,1637
344,1483
344,1546
344,1974
344,1706
345,1514
345,1560
345,1923
345,1825
345,1801
345,1548
345,1454
345,1897
345,1615
346,1516
346,1527
346,1494
346,1841
346,1564
346,1457
346,1441
347,1953
347,1458
347,1455
347,1742
347,1780
347,1750
347,1781
347,1568
347,1967
348,1725
348,1991
348,1678
348,1579
348,1946
348,1635
348,1825
348,1923
349,1896
349,1635
349,1624
349,1975
349,1590
349,1523
350,1902
350,1548
350,1899
350,1889
350,1725
350,1825
350,1700
350,1514
351,1797
351,1858
351,1519
351,1537
351,1715
351,1718
351,1861
352,1510
352,1503
352,1659
353,1768
353,1825
353,1548
353,1923
353,1514
353,1725
353,1897
354,1655
354,1650
354,1600
354,1946
355,1793
355,1991
355,1495
355,1684
355,1871
355,1691
355,1566
355,1968
355,1874
355,1887
356,1589
356,1894
356,1562
356,1848
356,1628
356,1946
356,1619
356,1551
356,1985
356,1773
356,1741
356,1678
357,1954
357,1857
357,1655
357,1522
358,1939
358,1972
358,1482
358,1499
358,1706
358,1561
358,1874
358,1528
358,1995
358,1985
358,1824
358,1604
358,1666
359,1471
359,1885
359,1511
359,1494
359,1909
359,1749
359,1733
360,1583
360,1531
360,1454
361,1763
361,1797
361,1912
361,1621
361,1861
361,1657
361,1511
361,1496
362,1580
362,1529
362,1811
362,1905
362,1737
362,1922
362,1877
362,1670
362,1843
363,1805
363,1911
363,1919
363,1600
363,1946
363,1678
363,1655
363,1650
363,1773
363,1930
364,1721
364,1734
364,1878
364,1908
364,1860
364,1801
364,1966
364,1872
365,1642
365,1737
365,1688
365,1729
365,1814
365,1497
366,1735
366,1703
366,1800
367,1857
367,1481
367,1557
367,1589
367,1465
367,1562
367,1970
367,1776
367,1628
368,1457
368,1872
368,1624
368,1902
368,1896
368,1696
368,1672
369,1623
369,1456
369,1899
369,1906
369,1589
370,1539
370,1500
370,1615
370,1644
370,1487
370,1560
370,1556
371,1959
371,1985
371,1834
371,1885
371,1585
371,1610
371,1457
371,1564
371,1501
372,1548
372,1923
372,1825
372,1725
372,1897
372,1768
373,1523
373,1539
373,1556
373,1452
373,1757
373,1644
373,1526
373,1563
373,1968
373,1793
374,1520
374,1514
374,1923
374,1801
374,1548
374,1790
374,1876
374,1754
374,1560
375,1594
375,1785
375,1556
375,1615
375,1573
375,1531
375,1539
375,1499
375,1454
375,1824
376,1551
376,1681
376,1985
376,1741
376,1927
376,1753
376,1828
376,1619
377,1741
377,1600
377,1551
377,1902
377,1678
377,1930
378,1887
378,1723
378,1676
378,1580
378,1466
378,1815
378,1607
378,1462
379,1806
379,1630
379,1471
379,1527
379,1810
379,1934
380,1899
380,1656
380,1572
380,1667
380,1816
380,1852
380,1902
380,1480
381,1916
381,1594
381,1866
381,1652
381,1548
381,1846
381,1969
381,1915
381,1663
382,1984
382,1579
382,1463
382,1887
382,1918
382,1548
383,1720
383,1562
383,1823
383,1970
383,1628
384,1537
384,1804
384,1768
384,1548
384,1725
384,1825
384,1754
385,1737
385,1456
385,1889
385,1899
385,1902
385,1816
385,1914
385,1852
385,1725
385,1947
386,1984
386,1713
386,1626
386,1641
386,1808
386,1832
386,1465
386,1621
386,1464
386,1462
386,1811
386,1882
386,1795
387,1650
387,1773
387,1655
387,1953
387,1911
387,1678
388,1684
388,1874
388,1566
388,1968
388,1495
388,1871
388,1691
388,1793
389,1912
389,1819
389,1797
389,1893
389,1858
389,1627
390,1603
390,1814
390,1729
390,1791
391,1456
391,1623
391,1555
391,1517
392,1857
392,1481
392,1522
392,1557
392,1740
392,1820
392,1609
393,1651
393,1682
393,1462
393,1683
393,1676
393,1935
393,1666
393,1607
393,1626
393,1685
393,1748
393,1808
394,1516
394,1593
394,1603
394,1780
394,1585
394,1798
394,1455
394,1750
395,1939
395,1966
395,1512
395,1482
395,1637
395,1821
395,1455
396,1842
396,1685
396,1941
396,1580
396,1651
396,1808
396,1676
396,1626
397,1771
397,1918
397,1935
398,1889
398,1488
398,1700
398,1456
399,1579
399,1791
399,1991
399,1463
399,1887
399,1640
400,1662
400,1923
400,1729
400,1814
400,1590
400,1825
401,1664
401,1858
401,1539
401,1518
401,1615
401,1741
401,1893
402,1902
402,1899
402,1456
402,1889
402,1700
402,1623
402,1517
402,1806
403,1728
403,1659
403,1977
403,1567
403,1866
403,1487
403,1633
403,1964
404,1842
404,1607
404,1666
404,1685
404,1462
404,1748
404,1580
404,1867
404,1626
405,1797
405,1505
405,1774
405,1572
405,1819
405,1893
405,1664
405,1715
405,1763
405,1781
405,1858
406,1876
406,1560
406,1766
406,1801
406,1754
406,1790
406,1520
407,1684
407,1566
407,1800
407,1495
407,1968
408,1590
408,1731
408,1723
409,1706
409,1512
409,1816
409,1693
409,1833
409,1812
409,1491
409,1908
409,1817
409,1534
410,1822
410,1670
410,1922
410,1877
410,1592
410,1905
410,1720
410,1961
410,1558
410,1944
410,1781
411,1905
411,1828
411,1842
411,1985
411,1592
411,1720
411,1551
411,1922
412,1572
412,1592
412,1922
412,1797
413,1462
413,1894
413,1580
413,1848
414,1644
414,1823
414,1550
414,1562
414,1556
414,1615
414,1970
414,1589
414,1848
414,1454
414,1894
414,1518
414,1667
414,1628
415,1661
415,1485
415,1530
415,1563
415,1784
415,1601
415,1523
415,1875
415,1486
415,1624
415,1696
415,1575
415,1896
416,1589
416,1894
416,1628
416,1562
417,1664
417,1797
417,1572
417,1715
417,1893
417,1912
417,1858
417,1505
418,1928
418,1861
418,1868
419,1876
419,1927
419,1741
419,1801
419,1828
419,1551
420,1647
420,1814
421,1529
421,1869
421,1914
421,1597
421,1888
421,1737
421,1513
421,1504
421,1852
421,1816
421,1497
422,1793
422,1539
422,1662
422,1615
422,1556
422,1874
422,1926
422,1704
422,1518
422,1500
423,1651
423,1842
423,1811
423,1685
423,1583
423,1676
423,1607
423,1666
423,1683
423,1677
423,1808
423,1867
424,1644
424,1875
424,1500
424,1503
424,1635
424,1539
425,1985
425,1753
425,1902
425,1550
425,1823
425,1590
425,1793
426,1684
426,1572
426,1793
426,1562
426,1912
426,1550
426,1797
426,1589
426,1505
427,1798
427,1497
427,1485
427,1888
427,1624
427,1722
427,1441
428,1478
428,1846
428,1487
428,1866
428,1686
428,1969
428,1940
429,1874
429,1793
429,1684
429,1691
429,1968
429,1566
430,1664
430,1893
430,1520
430,1912
430,1790
430,1754
430,1797
430,1876
430,1572
430,1801
431,1732
431,1662
431,1594
431,1969
431,1564
432,1842
432,1676
432,1790
432,1560
432,1613
432,1661
432,1685
432,1722
432,1651
432,1748
432,1607
433,1815
433,1751
433,1578
433,1935
433,1956
433,1545
433,1786
433,1490
433,1909
434,1907
434,1635
434,1869
434,1740
434,1522
434,1533
434,1776
435,1547
435,1662
435,1956
436,1592
436,1961
436,1823
436,1548
436,1897
436,1923
436,1514
436,1825
436,1670
436,1614
436,1720
437,1503
437,1897
437,1725
437,1993
437,1485
437,1613
437,1523
437,1514
437,1738
437,1686
437,1477
438,1913
438,1481
438,1861
439,1477
439,1866
439,1969
439,1659
439,1993
439,1942
439,1668
439,1652
439,1686
439,1594
440,1566
440,1874
440,1551
440,1741
440,1985
440,1684
440,1968
440,1793
441,1691
441,1684
441,1793
441,1566
441,1968
441,1874
441,1871
442,1637
442,1921
442,1894
442,1972
442,1767
442,1983
442,1671
442,1720
442,1628
442,1848
443,1984
443,1598
443,1909
443,1509
443,1526
443,1549
443,1525
443,1490
444,1887
444,1640
444,1635
444,1791
444,1463
444,1466
445,1516
445,1744
445,1593
445,1750
445,1612
445,1455
445,1953
446,1463
446,1791
446,1482
446,1991
447,1684
447,1893
447,1660
447,1793
447,1610
447,1858
447,1968
447,1691
447,1797
447,1566
447,1819
448,1501
448,1672
448,1790
448,1570
448,1769
448,1457
448,1590
449,1506
449,1652
449,1823
449,1977
449,1848
449,1628
449,1487
449,1662
450,1801
450,1520
450,1478
451,1711
451,1815
451,1594
451,1773
451,1678
451,1752
451,1650
452,1566
452,1495
452,1874
452,1684
452,1793
452,1871
452,1691
453,1815
453,1590
453,1814
453,1454
453,1729
453,1539
453,1615
454,1814
455,1798
455,1486
455,1485
455,1601
455,1585
455,1896
455,1906
455,1875
456,1560
456,1801
456,1876
456,1790
456,1766
457,1848
457,1562
457,1498
457,1897
457,1695
457,1956
457,1507
457,1589
457,1563
458,1704
458,1905
458,1518
458,1655
459,1843
459,1577
459,1714
459,1905
459,1481
460,1700
460,1517
460,1889
460,1899
460,1902
461,1475
461,1685
461,1666
461,1651
461,1867
461,1676
462,1500
462,1740
462,1590
462,1815
462,1609
462,1577
462,1522
463,1953
463,1679
463,1455
463,1781
464,1894
464,1628
464,1521
464,1550
464,1495
465,1551
465,1616
465,1733
465,1515
465,1906
465,1787
465,1603
465,1633
465,1829
465,1985
465,1980
466,1641
466,1713
466,1843
466,1964
466,1991
466,1975
467,1731
467,1899
467,1889
467,1815
467,1801
467,1723
467,1647
467,1623
467,1902
467,1876
468,1625
468,1712
468,1985
468,1731
468,1564
468,1639
468,1959
468,1729
468,1590
469,1700
469,1480
469,1889
469,1456
469,1902
469,1899
470,1566
470,1691
470,1684
470,1793
470,1968
470,1874
471,1555
471,1700
471,1902
472,1657
472,1508
472,1621
472,1713
472,1669
472,1511
473,1642
473,1585
473,1860
473,1444
473,1483
474,1519
474,1746
474,1861
474,1731
474,1647
474,1800
474,1814
474,1804
474,1590
474,1815
475,1491
475,1929
475,1682
475,1684
475,1968
475,1495
475,1972
475,1952
475,1706
475,1562
475,1589
476,1911
476,1946
476,1919
476,1655
476,1678
476,1650
476,1773
477,1558
477,1944
477,1819
477,1797
477,1572
477,1627
477,1660
477,1912
477,1893
477,1763
477,1670
477,1905
477,1715
477,1822
477,1922
477,1858
478,1514
478,1923
478,1768
478,1897
478,1539
478,1500
478,1615
478,1548
478,1725
478,1775
478,1556
479,1947
479,1896
479,1784
479,1537
479,1875
479,1722
479,1600
479,1672
479,1601
479,1804
479,1930
479,1946
480,1700
480,1899
481,1914
481,1902
481,1644
481,1529
481,1816
481,1555
481,1700
481,1889
482,1874
482,1904
482,1514
482,1548
482,1566
482,1691
482,1684
482,1923
482,1495
483,1981
483,1477
483,1686
483,1969
483,1738
483,1567
483,1792
483,1940
483,1543
484,1550
484,1894
484,1919
485,1848
485,1628
485,1970
485,1894
485,1589
485,1823
485,1550
486,1787
486,1813
486,1628
486,1823
486,1672
486,1894
486,1994
487,1874
487,1691
487,1684
487,1495
487,1968
487,1566
487,1793
488,1902
488,1623
488,1635
488,1806
488,1517
488,1791
488,1742
488,1953
489,1977
489,1488
489,1517
489,1914
489,1888
489,1495
489,1816
489,1889
490,1627
490,1912
490,1774
490,1819
490,1763
490,1858
490,1664
490,1715
491,1825
491,1647
491,1723
491,1548
491,1923
491,1815
492,1684
492,1819
492,1763
493,1961
493,1592
493,1905
493,1877
493,1848
493,1628
493,1894
493,1562
493,1843
493,1558
493,1822
493,1970
494,1509
494,1558
494,1662
494,1454
494,1614
494,1822
494,1547
494,1539
494,1877
494,1652
494,1670
495,1744
495,1781
495,1953
495,1684
496,1947
496,1684
496,1804
497,1902
497,1899
497,1517
497,1480
497,1806
497,1555
497,1623
497,1889
497,1700
497,1488
497,1456
498,1668
498,1998
498,1520
498,1752
498,1652
498,1801
498,1738
498,1711
498,1594
498,1964
499,1984
499,1710
500,1793
500,1888
500,1852
501,1984
501,1857
501,1970
501,1476
501,1621
501,1945
501,1776
501,1562
501,1673
501,1628
501,1481
501,1541
502,1477
502,1708
502,1567
502,1866
502,1915
502,1649
502,1738
503,1481
503,1945
503,1709
503,1740
503,1466
503,1579
503,1954
503,1463
503,1646
503,1887
504,1781
504,1780
504,1953
504,1547
504,1568
505,1905
505,1614
505,1560
505,1987
505,1615
505,1877
505,1801
505,1754
505,1592
505,1961
506,1953
506,1568
506,1455
506,1733
506,1967
506,1742
506,1750
506,1780
506,1778
506,1744
507,1551
507,1568
507,1985
507,1741
507,1753
508,1906
508,1441
508,1603
508,1593
508,1563
508,1486
508,1613
508,1517
508,1526
508,1700
508,1488
509,1764
509,1797
509,1858
509,1893
509,1505
509,1660
509,1715
509,1819
509,1644
509,1572
510,1894
510,1628
510,1519
510,1861
510,1868
510,1823
510,1895
510,1800
510,1730
510,1550
511,1662
511,1578
511,1714
511,1858
511,1619
511,1551
512,1609
512,1857
512,1662
512,1956
512,1506
512,1593
513,1619
513,1741
513,1828
513,1953
513,1551
513,1681
513,1985
513,1753
513,1927
514,1550
514,1628
514,1823
514,1894
514,1589
514,1848
514,1562
515,1737
515,1830
515,1656
515,1513
515,1679
515,1585
515,1602
516,1530
516,1526
516,1458
516,1953
517,1888
517,1730
517,1814
517,1731
517,1737
517,1895
517,1914
517,1497
517,1800
517,1815
518,1984
518,1729
518,1814
519,1905
519,1843
519,1454
519,1556
519,1539
519,1877
519,1922
519,1644
519,1500
519,1518
519,1558
520,1885
520,1918
520,1737
520,1996
521,1662
521,1962
521,1478
521,1674
521,1578
521,1547
522,1956
522,1781
522,1547
522,1906
522,1568
522,1780
522,1612
522,1662
522,1539
523,1906
523,1848
523,1985
523,1894
523,1915
523,1550
523,1628
524,1505
524,1912
524,1797
524,1962
524,1662
524,1547
524,1858
525,1518
525,1720
525,1592
525,1560
525,1877
526,1832
526,1678
526,1549
527,1594
527,1543
527,1915
528,1660
528,1858
528,1797
528,1819
528,1572
528,1664
529,1829
529,1970
529,1628
529,1894
529,1550
530,1672
530,1733
530,1712
530,1495
530,1684
530,1885
530,1617
530,1566
531,1563
531,1969
531,1792
531,1659
531,1487
531,1964
531,1784
531,1896
532,1462
532,1676
532,1579
532,1791
532,1626
532,1580
532,1607
532,1748
532,1991
532,1651
532,1635
533,1672
533,1602
533,1712
533,1679
533,1494
533,1978
533,1869
533,1629
533,1617
533,1888
533,1675
534,1706
534,1548
534,1825
534,1930
534,1965
535,1902
535,1555
535,1700
535,1889
535,1517
535,1927
535,1985
535,1480
535,1806
536,1748
536,1808
536,1580
536,1628
536,1676
536,1867
537,1530
537,1644
537,1613
537,1615
537,1875
537,1696
537,1542
537,1485
537,1757
538,1811
538,1975
538,1651
538,1676
538,1462
539,1542
539,1739
539,1661
539,1563
539,1784
539,1590
539,1624
539,1485
540,1535
540,1579
540,1972
540,1472
540,1521
540,1642
540,1985
540,1835
540,1828
541,1572
541,1858
541,1550
541,1628
541,1970
541,1797
541,1715
541,1627
542,1823
542,1894
542,1562
542,1848
542,1628
542,1589
542,1550
543,1923
543,1768
543,1580
543,1626
543,1725
543,1548
543,1514
544,1811
544,1607
544,1845
544,1947
544,1676
544,1580
544,1683
544,1651
544,1666
544,1571
544,1473
545,1454
545,1539
545,1704
545,1615
545,1518
545,1500
545,1644
545,1556
546,1744
546,1508
546,1607
546,1550
546,1666
546,1854
546,1949
547,1741
547,1593
547,1612
547,1551
547,1798
548,1753
548,1589
548,1605
548,1971
548,1546
548,1642
549,1666
549,1626
549,1845
550,1985
550,1753
550,1828
550,1927
550,1741
550,1551
550,1460
551,1962
551,1478
551,1547
551,1674
551,1662
551,1578
551,1956
552,1912
552,1509
552,1713
552,1664
552,1621
552,1819
552,1505
552,1525
552,1518
553,1930
553,1773
553,1946
553,1604
553,1919
553,1917
553,1518
553,1805
553,1945
553,1954
553,1678
553,1760
554,1546
554,1544
554,1877
554,1689
554,1770
554,1874
554,1787
554,1670
554,1604
554,1702
555,1551
555,1927
555,1753
556,1706
556,1735
556,1817
556,1482
556,1921
556,1493
556,1901
556,1779
556,1804
557,1560
557,1790
557,1754
557,1520
557,1555
557,1801
557,1766
557,1725
558,1899
558,1889
558,1902
558,1517
558,1781
558,1987
558,1623
558,1780
559,1612
559,1589
559,1823
560,1518
560,1823
560,1589
560,1556
560,1704
560,1486
560,1848
560,1644
560,1550
560,1894
561,1454
561,1615
561,1539
561,1518
561,1522
561,1913
562,1615
562,1729
562,1919
562,1814
562,1644
562,1590
562,1600
562,1911
562,1678
562,1650
563,1465
563,1673
563,1741
563,1557
563,1913
563,1927
564,1860
564,1532
564,1604
564,1551
564,1444
564,1927
564,1770
565,1986
565,1691
565,1949
565,1669
565,1614
565,1720
566,1560
566,1740
566,1520
566,1945
566,1790
566,1766
566,1918
567,1589
567,1848
567,1550
567,1463
567,1991
567,1562
567,1628
567,1887
567,1579
567,1791
568,1969
568,1477
568,1594
568,1708
568,1659
568,1713
568,1567
568,1915
569,1547
569,1662
569,1478
569,1674
569,1926
569,1578
569,1714
569,1963
570,1562
570,1823
570,1970
570,1628
570,1848
570,1589
570,1494
570,1851
570,1702
570,1672
571,1932
571,1877
571,1614
571,1829
571,1570
571,1970
571,1471
571,1672
571,1885
571,1595
571,1610
571,1702
572,1495
572,1566
572,1535
572,1874
572,1793
572,1684
572,1683
572,1691
572,1968
573,1704
573,1644
573,1772
573,1496
573,1518
573,1556
573,1539
574,1587
574,1488
574,1921
575,1798
575,1590
575,1991
575,1635
575,1791
575,1815
576,1593
576,1906
576,1516
576,1880
576,1441
576,1603
576,1505
576,1612
577,1861
577,1539
577,1800
577,1845
577,1735
577,1651
578,1742
578,1523
578,1526
578,1575
578,1486
578,1520
578,1750
578,1696
578,1987
579,1574
579,1808
579,1748
579,1666
579,1676
579,1842
579,1683
579,1580
579,1607
580,1894
580,1725
580,1514
580,1848
580,1589
580,1823
580,1830
581,1666
581,1651
581,1618
581,1676
581,1685
581,1842
581,1867
581,1626
581,1941
581,1580
581,1607
581,1808
581,1811
582,1919
582,1773
582,1946
582,1650
583,1923
583,1897
583,1514
583,1548
583,1768
583,1825
584,1930
584,1919
584,1773
584,1655
584,1678
584,1946
584,1911
585,1482
585,1562
585,1550
586,1906
586,1593
586,1486
586,1859
586,1784
586,1603
586,1535
586,1655
586,1577
587,1583
587,1875
587,1757
587,1635
587,1579
587,1887
587,1523
587,1486
587,1463
588,1723
588,1814
588,1647
588,1815
588,1729
588,1590
589,1585
589,1615
589,1857
589,1522
589,1798
589,1751
589,1776
589,1832
589,1490
589,1667
590,1793
590,1478
590,1491
590,1566
590,1968
590,1913
590,1684
590,1874
590,1962
590,1662
591,1899
591,1548
591,1953
591,1623
591,1889
591,1902
591,1458
591,1987
592,1930
592,1522
592,1678
592,1740
592,1590
592,1805
592,1731
592,1815
592,1577
593,1662
593,1478
593,1926
593,1506
593,1956
593,1962
594,1781
594,1550
594,1552
594,1806
595,1739
595,1757
595,1530
595,1723
595,1503
595,1613
596,1790
596,1454
596,1509
596,1539
596,1615
596,1801
596,1704
596,1876
596,1556
597,1603
597,1906
597,1798
598,1566
598,1560
598,1604
598,1793
598,1691
598,1874
598,1684
598,1876
599,1594
599,1969
599,1998
599,1723
599,1964
600,1821
600,1706
600,1642
600,1952
600,1546
600,1499
601,1495
601,1590
601,1723
601,1731
601,1815
601,1684
601,1566
602,1558
602,1700
602,1887
602,1635
602,1579
602,1902
602,1488
603,1455
603,1676
603,1781
603,1808
603,1748
603,1685
603,1750
603,1742
603,1626
604,1441
604,1603
604,1593
604,1667
604,1585
604,1906
604,1566
604,1516
604,1859
605,1919
605,1514
605,1678
605,1923
605,1773
605,1714
605,1662
605,1866
605,1768
606,1826
606,1860
606,1706
606,1966
606,1521
606,1924
606,1908
606,1637
607,1550
607,1497
607,1848
607,1684
607,1737
607,1914
607,1688
607,1628
607,1504
608,1495
608,1793
608,1566
608,1871
609,1700
609,1456
609,1888
609,1497
609,1737
609,1504
609,1623
609,1480
609,1816
610,1463
610,1791
610,1838
610,1635
610,1887
610,1466
611,1564
611,1570
611,1726
611,1982
611,1936
611,1994
611,1501
611,1732
612,1769
612,1830
612,1726
612,1497
612,1907
612,1932
612,1656
612,1885
612,1712
613,1913
614,1797
614,1572
614,1819
614,1664
614,1715
614,1627
614,1893
615,1675
615,1632
615,1497
615,1862
615,1833
615,1852
615,1513
616,1814
616,1723
616,1807
616,1678
617,1539
617,1633
617,1644
617,1809
617,1487
617,1897
617,1518
617,1738
617,1752
618,1668
618,1772
618,1580
618,1532
618,1535
618,1642
618,1682
618,1926
618,1482
619,1828
619,1585
619,1459
619,1610
619,1769
619,1790
619,1937
619,1603
620,1505
620,1763
620,1572
620,1797
620,1790
621,1814
621,1733
621,1699
621,1712
622,1927
622,1753
622,1828
622,1681
622,1918
622,1551
622,1985
623,1790
623,1700
623,1889
623,1560
623,1456
623,1623
624,1503
624,1913
624,1497
624,1575
624,1757
624,1661
624,1577
624,1530
624,1868
624,1523
624,1613
624,1718
625,1661
625,1613
625,1896
625,1696
625,1441
625,1624
625,1523
626,1753
626,1927
626,1828
626,1551
626,1741
626,1619
626,1985
627,1940
627,1549
627,1998
627,1509
627,1679
627,1487
627,1862
627,1820
628,1487
628,1444
628,1642
628,1652
628,1498
628,1507
629,1843
629,1670
629,1558
629,1961
629,1922
629,1614
629,1592
629,1905
629,1707
629,1879
629,1944
629,1720
629,1877
630,1757
630,1530
630,1575
630,1486
630,1601
630,1661
630,1523
630,1739
630,1570
631,1614
631,1685
631,1651
631,1720
631,1580
631,1768
631,1670
632,1923
632,1985
632,1644
632,1725
632,1539
632,1548
632,1615
632,1556
632,1500
633,1922
633,1592
633,1905
633,1720
633,1961
633,1877
633,1740
633,1614
633,1670
634,1815
634,1814
634,1729
634,1731
634,1539
635,1641
635,1984
635,1500
635,1675
635,1454
636,1729
636,1911
636,1919
636,1814
636,1930
636,1815
636,1655
636,1731
636,1723
636,1590
636,1650
637,1956
637,1926
637,1797
637,1478
637,1678
637,1572
637,1505
637,1715
637,1773
637,1946
637,1662
637,1650
637,1701
637,1714
638,1866
638,1477
638,1975
638,1915
638,1809
638,1964
638,1991
638,1580
638,1574
638,1594
638,1981
638,1640
638,1651
639,1460
639,1985
639,1800
639,1741
639,1735
639,1804
639,1927
639,1861
639,1619
640,1956
640,1520
640,1560
640,1578
640,1478
640,1662
640,1893
641,1691
641,1968
641,1684
641,1612
641,1495
641,1566
641,1441
641,1585
641,1880
641,1516
642,1698
642,1779
642,1866
642,1879
642,1540
642,1995
642,1993
643,1915
643,1897
643,1659
644,1662
644,1926
644,1478
644,1506
644,1547
644,1705
644,1956
645,1572
645,1539
645,1797
645,1893
645,1858
645,1763
645,1644
646,1793
646,1566
646,1985
646,1644
646,1828
647,1627
647,1774
647,1893
647,1912
647,1715
647,1858
647,1551
648,1729
648,1808
648,1626
648,1683
649,1999
649,1796
649,1509
649,1720
649,1843
649,1877
649,1923
649,1944
650,1722
650,1651
650,1896
650,1808
650,1953
650,1875
650,1757
651,1579
651,1635
651,1823
651,1729
651,1731
651,1590
651,1463
652,1610
652,1733
652,1595
652,1629
652,1716
652,1481
652,1820
652,1501
653,1800
653,1537
653,1962
654,1603
654,1568
654,1972
654,1974
654,1736
654,1739
654,1498
655,1495
655,1684
655,1874
655,1566
655,1793
655,1871
655,1968
655,1691
656,1927
656,1741
656,1551
656,1753
656,1681
657,1858
657,1869
657,1572
657,1632
657,1505
657,1796
658,1598
658,1896
658,1964
658,1526
658,1984
659,1463
659,1535
659,1791
659,1975
659,1579
659,1887
659,1466
659,1635
660,1454
660,1615
660,1720
660,1518
660,1644
661,1635
661,1668
661,1579
661,1977
661,1792
661,1975
661,1816
661,1830
661,1866
661,1603
662,1664
662,1627
662,1774
662,1539
662,1797
662,1858
662,1715
663,1800
663,1917
663,1523
663,1729
663,1723
663,1590
663,1735
663,1731
664,1666
664,1590
664,1801
664,1815
664,1748
664,1790
665,1556
665,1700
665,1866
665,1480
665,1539
665,1488
665,1981
665,1902
666,1954
666,1441
666,1917
666,1465
666,1798
666,1906
666,1603
667,1548
667,1768
667,1628
667,1823
667,1791
667,1825
667,1635
667,1894
667,1514
668,1895
668,1922
668,1720
669,1623
669,1806
669,1555
669,1902
669,1480
669,1889
669,1899
669,1517
669,1700
669,1488
669,1456
670,1700
670,1823
670,1848
670,1550
670,1555
670,1456
670,1806
670,1562
671,1609
671,1805
671,1522
671,1481
671,1820
671,1954
672,1478
672,1686
672,1773
672,1567
673,1560
673,1790
673,1754
673,1520
673,1801
673,1766
674,1823
674,1894
674,1513
674,1825
674,1550
674,1912
674,1482
674,1631
674,1888
674,1796
674,1628
675,1930
675,1811
675,1683
676,1495
676,1482
676,1874
676,1566
676,1871
677,1522
677,1562
677,1823
677,1550
677,1465
677,1970
677,1709
677,1678
677,1740
677,1481
678,1592
678,1558
678,1800
678,1668
678,1905
678,1822
678,1670
678,1961
678,1877
679,1716
679,1629
679,1471
679,1676
679,1482
679,1699
679,1842
679,1506
679,1662
679,1733
679,1748
679,1854
679,1470
680,1797
680,1614
680,1912
680,1505
680,1922
680,1592
680,1644
680,1518
681,1482
681,1546
681,1521
681,1524
681,1972
682,1888
682,1630
682,1839
682,1816
683,1911
683,1655
683,1946
684,1894
684,1628
684,1970
684,1678
684,1895
684,1823
684,1845
684,1537
684,1800
684,1562
684,1946
685,1909
685,1594
685,1731
685,1969
685,1710
685,1738
685,1964
685,1541
685,1628
685,1669
685,1708
685,1823
685,1589
685,1999
685,1894
686,1710
686,1775
686,1893
686,1572
686,1621
686,1819
686,1669
687,1875
687,1567
687,1823
687,1915
687,1649
687,1979
688,1894
688,1857
688,1609
688,1917
688,1589
688,1562
688,1974
688,1823
689,1714
689,1709
689,1962
689,1913
690,1655
690,1911
690,1816
690,1914
690,1514
690,1548
690,1825
691,1914
691,1504
691,1801
691,1888
691,1497
691,1848
691,1869
691,1679
691,1760
692,1871
692,1874
692,1897
692,1566
692,1548
692,1514
692,1495
692,1923
692,1652
692,1691
692,1825
692,1684
693,1570
693,1787
693,1982
693,1631
693,1934
693,1644
693,1518
693,1615
693,1689
693,1726
693,1500
694,1802
694,1762
694,1499
694,1491
694,1952
695,1662
695,1456
695,1547
695,1902
695,1488
695,1899
696,1570
696,1797
696,1572
696,1639
696,1566
696,1968
696,1878
696,1630
696,1627
696,1819
697,1906
697,1685
697,1748
697,1441
697,1563
697,1808
697,1867
697,1462
697,1585
698,1560
698,1801
698,1754
698,1790
698,1520
698,1876
698,1766
699,1689
699,1858
699,1923
699,1897
699,1514
699,1768
699,1887
699,1774
700,1590
701,1819
701,1694
701,1627
701,1787
701,1617
701,1801
701,1893
701,1790
702,1848
702,1628
702,1522
702,1741
702,1619
702,1551
702,1857
702,1609
702,1740
702,1753
703,1539
703,1719
703,1567
703,1565
703,1998
703,1912
704,1522
704,1455
704,1750
704,1954
705,1763
705,1912
705,1797
705,1664
705,1715
705,1505
705,1858
706,1843
706,1520
706,1567
706,1961
706,1752
706,1940
706,1560
706,1801
706,1790
706,1614
706,1877
706,1879
707,1977
707,1547
707,1615
707,1567
707,1879
707,1652
708,1790
708,1871
708,1566
708,1691
708,1560
708,1495
708,1793
708,1684
708,1520
708,1874
709,1712
709,1753
709,1515
709,1851
710,1817
710,1672
710,1937
710,1733
710,1726
710,1699
710,1445
710,1616
711,1930
711,1655
711,1678
711,1547
711,1478
711,1600
711,1919
711,1662
711,1911
711,1555
711,1963
711,1956
711,1946
711,1773
712,1953
712,1816
712,1568
712,1781
712,1987
712,1676
713,1956
713,1662
713,1478
713,1870
713,1801
713,1790
713,1547
713,1560
714,1887
714,1815
714,1587
714,1458
714,1953
714,1904
714,1872
714,1599
715,1984
715,1478
715,1956
715,1506
715,1662
715,1578
716,1748
716,1651
716,1574
716,1808
716,1580
717,1539
717,1518
717,1556
717,1454
717,1615
717,1644
718,1843
718,1482
718,1921
718,1958
718,1991
718,1872
718,1887
718,1573
718,1721
718,1463
719,1966
719,1524
719,1850
720,1946
720,1930
720,1773
720,1678
720,1919
720,1650
720,1911
720,1655
720,1805
721,1488
721,1715
721,1968
721,1858
721,1572
721,1797
721,1664
721,1763
721,1912
722,1852
722,1914
722,1675
722,1533
722,1862
722,1615
722,1833
722,1497
723,1806
723,1915
723,1969
723,1488
723,1993
723,1809
724,1909
725,1843
725,1517
725,1857
725,1961
725,1806
726,1486
726,1664
726,1739
726,1563
727,1846
727,1659
727,1567
727,1915
727,1879
727,1969
727,1543
727,1964
727,1998
728,1791
728,1466
728,1830
728,1579
728,1991
728,1463
729,1897
729,1923
729,1725
729,1514
729,1548
729,1825
729,1768
729,1899
730,1566
730,1551
730,1650
730,1708
730,1879
731,1806
731,1626
731,1902
731,1700
731,1899
731,1889
732,1894
732,1589
732,1562
732,1823
732,1550
732,1970
732,1628
732,1848
733,1650
733,1628
733,1519
733,1539
733,1460
733,1970
733,1741
734,1471
734,1880
734,1570
734,1694
734,1585
734,1467
734,1743
734,1726
734,1863
734,1798
735,1825
735,1562
735,1684
735,1874
735,1923
735,1589
735,1823
735,1768
735,1566
735,1691
736,1894
736,1562
736,1628
736,1550
736,1589
736,1848
736,1970
736,1823
737,1659
737,1915
737,1543
737,1487
737,1998
737,1649
737,1964
738,1857
738,1700
738,1902
738,1740
738,1954
738,1465
738,1456
738,1806
738,1555
738,1945
738,1917
738,1517
739,1495
739,1691
739,1489
739,1874
739,1995
739,1966
739,1521
740,1623
740,1763
740,1555
740,1889
740,1480
740,1517
740,1488
740,1700
740,1684
740,1664
740,1793
740,1797
741,1911
741,1650
741,1930
741,1678
741,1600
741,1805
742,1725
742,1902
742,1766
742,1700
742,1560
742,1899
742,1768
743,1763
743,1580
743,1808
743,1676
743,1797
743,1715
743,1811
743,1660
743,1666
743,1462
743,1748
743,1607
743,1858
744,1678
744,1930
744,1911
744,1655
744,1946
744,1773
744,1919
745,1791
745,1466
745,1723
745,1635
745,1579
745,1815
745,1463
745,1731
745,1991
746,1746
746,1571
746,1923
746,1897
746,1730
746,1895
746,1825
746,1947
746,1800
746,1861
747,1655
747,1823
747,1617
747,1911
747,1773
747,1678
747,1919
748,1662
748,1854
748,1511
749,1828
749,1949
749,1999
749,1669
749,1933
749,1832
749,1927
749,1751
749,1545
749,1786
749,1984
750,1729
750,1768
750,1481
750,1548
750,1923
750,1815
750,1731
751,1748
751,1666
751,1708
751,1720
751,1685
751,1729
752,1993
752,1792
752,1942
752,1887
752,1487
752,1579
752,1640
752,1543
753,1815
753,1946
753,1647
753,1486
753,1757
753,1530
753,1590
753,1896
753,1729
753,1696
753,1784
754,1715
754,1858
754,1797
754,1893
754,1912
754,1819
754,1664
754,1774
755,1556
755,1720
755,1614
755,1456
755,1517
755,1500
755,1877
755,1555
755,1488
756,1520
756,1518
756,1801
756,1877
756,1905
756,1614
756,1720
756,1592
756,1670
757,1874
757,1684
758,1488
758,1456
758,1806
758,1889
758,1899
758,1555
758,1902
758,1623
758,1517
758,1480
758,1700
759,1632
759,1862
759,1679
759,1816
759,1688
759,1737
759,1869
760,1543
760,1821
760,1929
760,1499
760,1510
760,1531
760,1850
760,1782
760,1734
761,1664
761,1662
762,1531
762,1995
762,1969
762,1894
762,1836
762,1706
762,1848
762,1550
762,1680
762,1499
762,1693
763,1897
763,1825
763,1514
763,1517
763,1923
763,1768
763,1725
764,1688
764,1909
764,1659
764,1946
764,1848
764,1513
764,1907
764,1655
764,1675
765,1525
765,1832
765,1854
765,1621
765,1509
766,1967
766,1517
766,1899
766,1623
766,1953
766,1902
767,1792
767,1915
767,1593
767,1668
767,1940
767,1798
767,1859
767,1543
768,1608
768,1843
768,1592
768,1905
768,1922
768,1944
768,1961
768,1720
769,1985
769,1741
770,1843
770,1961
770,1614
770,1592
770,1877
770,1868
770,1944
770,1730
770,1905
771,1558
771,1895
771,1592
771,1957
771,1571
771,1804
771,1843
771,1800
771,1944
771,1537
771,1922
772,1888
772,1737
772,1688
772,1497
772,1816
772,1833
772,1869
772,1862
772,1830
772,1656
773,1887
773,1731
773,1819
773,1858
773,1627
773,1647
773,1814
773,1723
773,1912
773,1590
773,1797
774,1592
774,1720
774,1614
774,1877
774,1961
774,1909
774,1822
774,1905
774,1944
774,1670
774,1558
775,1823
775,1628
775,1562
775,1970
775,1550
775,1848
776,1906
776,1880
776,1603
776,1667
776,1612
776,1585
776,1593
776,1859
776,1968
777,1661
777,1522
777,1547
777,1478
777,1523
777,1526
777,1486
777,1918
778,1894
778,1550
778,1970
778,1628
778,1848
779,1828
779,1518
779,1985
779,1615
779,1539
780,1537
780,1845
780,1718
780,1735
780,1895
780,1473
780,1571
780,1746
780,1800
780,1804
781,1670
781,1922
781,1953
781,1455
781,1961
782,1914
782,1833
782,1894
782,1497
782,1888
782,1675
782,1862
782,1679
782,1602
782,1848
782,1562
783,1741
783,1744
783,1781
783,1987
783,1681
783,1811
784,1560
784,1806
784,1589
784,1899
784,1754
784,1889
785,1537
785,1735
785,1800
785,1895
785,1804
785,1718
785,1947
786,1977
786,1530
786,1563
786,1613
786,1964
786,1575
787,1555
787,1517
787,1700
787,1480
787,1902
787,1806
788,1946
788,1972
788,1687
788,1876
788,1790
788,1560
788,1447
788,1819
788,1520
788,1956
789,1445
789,1834
789,1726
789,1486
790,1609
790,1753
790,1918
790,1917
790,1985
790,1551
790,1927
790,1681
790,1646
791,1862
791,1668
791,1915
791,1914
791,1632
791,1852
791,1453
791,1679
791,1969
791,1708
792,1571
792,1925
792,1848
792,1977
792,1550
792,1543
792,1519
792,1628
792,1562
792,1970
793,1773
793,1650
793,1930
793,1805
793,1911
793,1946
794,1741
794,1828
794,1662
794,1619
795,1905
795,1615
795,1670
795,1454
795,1556
795,1704
795,1644
795,1961
795,1614
795,1592
795,1707
796,1740
796,1609
796,1918
796,1863
796,1804
797,1896
797,1729
798,1807
798,1641
798,1909
798,1593
798,1997
799,1662
799,1578
799,1478
799,1506
799,1547
799,1926
799,1919
800,1568
800,1889
800,1917
800,1987
800,1517
800,1465
800,1555
800,1502
801,1846
801,1662
801,1993
801,1974
801,1708
802,1889
802,1713
802,1555
802,1899
802,1881
802,1700
802,1793
802,1545
802,1566
802,1464
802,1968
803,1465
803,1662
803,1926
803,1917
803,1776
803,1588
803,1478
803,1609
803,1547
804,1495
804,1566
804,1897
804,1548
804,1825
805,1526
805,1523
805,1784
805,1486
805,1563
805,1896
805,1739
805,1696
805,1583
805,1757
805,1613
805,1530
805,1624
806,1564
806,1501
806,1813
806,1932
806,1469
806,1834
806,1712
806,1631
807,1560
807,1593
807,1876
807,1792
807,1487
807,1441
807,1553
807,1969
808,1828
808,1985
808,1753
808,1741
808,1551
808,1681
808,1927
808,1619
809,1800
809,1895
809,1861
809,1735
809,1804
809,1730
809,1947
809,1845
809,1928
809,1537
810,1684
810,1871
810,1495
810,1662
810,1956
810,1566
810,1547
811,1659
811,1790
811,1801
811,1772
812,1991
812,1463
812,1615
812,1579
812,1887
812,1640
813,1961
813,1614
813,1558
813,1670
813,1843
813,1877
813,1922
813,1905
813,1944
813,1592
813,1720
814,1735
814,1868
814,1804
814,1861
814,1473
814,1947
815,1458
815,1953
815,1780
815,1455
815,1750
815,1744
815,1781
815,1742
815,1568
815,1967
816,1517
816,1805
816,1700
816,1488
816,1902
816,1946
817,1729
817,1798
817,1441
817,1814
818,1790
818,1801
818,1766
818,1520
818,1876
818,1754
819,1562
819,1628
819,1585
819,1798
819,1906
819,1823
819,1516
819,1612
819,1644
820,1706
820,1664
820,1660
820,1893
820,1572
820,1715
820,1505
820,1858
820,1763
821,1814
821,1781
821,1729
821,1556
821,1731
821,1500
821,1953
821,1647
821,1750
821,1644
821,1615
822,1605
822,1674
822,1560
822,1926
822,1684
822,1801
822,1578
822,1662
823,1628
823,1560
824,1555
824,1517
824,1480
824,1614
824,1905
824,1592
824,1889
824,1456
824,1670
824,1877
825,1893
825,1729
825,1590
825,1930
826,1652
826,1686
826,1668
826,1969
827,1743
827,1672
827,1885
827,1564
827,1787
827,1694
827,1515
828,1621
828,1763
828,1858
828,1715
828,1797
828,1623
828,1505
828,1572
828,1660
828,1627
829,1729
829,1590
829,1815
829,1647
829,1896
829,1814
830,1830
830,1966
830,1497
830,1907
830,1972
830,1736
830,1782
830,1852
831,1655
831,1919
831,1946
831,1911
831,1930
831,1773
831,1678
832,1628
832,1894
832,1550
832,1970
832,1589
832,1823
833,1956
833,1603
833,1828
833,1714
833,1547
833,1729
833,1926
834,1481
834,1775
835,1919
835,1946
835,1655
835,1650
835,1678
835,1805
835,1600
836,1876
836,1560
836,1801
836,1487
836,1766
836,1520
836,1930
836,1563
837,1548
837,1725
837,1514
837,1723
837,1897
837,1923
837,1968
837,1825
837,1768
838,1954
838,1465
838,1773
838,1820
838,1522
838,1918
838,1557
838,1945
839,1946
839,1613
839,1773
839,1797
840,1537
840,1655
840,1650
840,1911
840,1804
841,1632
841,1688
841,1523
842,1678
842,1619
842,1919
842,1969
842,1650
842,1877
842,1592
842,1681
842,1946
843,1960
843,1600
843,1504
843,1914
843,1679
844,1513
844,1914
844,1520
844,1862
844,1781
844,1560
844,1453
844,1679
844,1790
844,1754
844,1869
844,1568
844,1533
844,1967
845,1966
845,1799
845,1444
845,1548
845,1706
845,1974
845,1923
846,1585
846,1478
846,1725
846,1923
847,1498
847,1860
847,1671
847,1966
847,1965
847,1782
847,1652
848,1956
848,1714
848,1551
848,1831
848,1927
848,1985
848,1662
848,1681
848,1741
848,1953
849,1880
849,1751
849,1558
849,1621
849,1603
850,1887
850,1579
850,1635
850,1791
850,1991
850,1463
850,1640
851,1603
851,1859
851,1585
851,1906
851,1880
851,1894
851,1593
851,1516
852,1906
852,1612
852,1664
852,1585
852,1572
852,1715
852,1912
852,1516
852,1505
852,1603
852,1763
852,1893
853,1464
853,1949
853,1509
853,1621
853,1997
853,1881
853,1775
853,1713
853,1935
853,1795
854,1555
854,1488
854,1700
855,1913
855,1917
856,1894
856,1572
856,1715
856,1970
856,1848
856,1985
857,1483
857,1535
857,1904
857,1495
857,1611
857,1770
858,1580
858,1801
858,1861
858,1842
858,1748
858,1537
858,1651
859,1465
859,1718
859,1917
859,1673
859,1861
859,1735
859,1557
859,1804
859,1857
860,1534
860,1976
860,1812
860,1952
860,1924
860,1835
861,1557
861,1603
861,1628
861,1465
861,1522
861,1882
861,1525
861,1511
861,1509
861,1710
862,1781
862,1742
862,1455
862,1517
862,1967
862,1953
862,1778
862,1458
862,1780
863,1784
863,1661
863,1790
863,1754
863,1757
863,1696
863,1739
863,1876
863,1523
863,1486
864,1774
864,1858
864,1912
864,1797
864,1660
864,1715
864,1505
864,1764
864,1893
864,1627
865,1897
865,1579
865,1725
865,1635
865,1923
865,1791
866,1700
866,1902
866,1899
866,1806
866,1456
866,1555
866,1889
866,1488
866,1623
867,1700
867,1568
867,1781
867,1623
867,1488
867,1456
868,1684
868,1793
869,1564
869,1994
869,1791
869,1570
869,1936
869,1733
869,1723
869,1726
870,1740
870,1478
870,1609
870,1857
870,1954
870,1714
870,1772
870,1669
871,1946
871,1930
871,1773
871,1919
871,1678
871,1655
871,1650
871,1564
872,1556
872,1644
872,1500
872,1594
872,1652
873,1628
873,1800
873,1571
873,1473
873,1848
873,1823
873,1970
873,1550
873,1804
873,1894
873,1861
874,1715
874,1819
874,1469
874,1556
874,1566
874,1885
874,1702
874,1544
874,1471
874,1858
875,1893
875,1903
875,1797
875,1804
875,1660
875,1715
875,1800
875,1746
875,1505
875,1572
875,1734
875,1664
876,1562
876,1550
876,1579
876,1791
876,1801
876,1589
876,1560
876,1848
876,1628
876,1894
877,1919
877,1946
877,1684
878,1773
878,1811
878,1867
878,1919
878,1808
878,1930
878,1462
879,1816
879,1773
879,1685
879,1869
879,1513
879,1656
880,1828
880,1681
880,1619
880,1848
880,1550
880,1970
880,1823
880,1741
880,1562
881,1953
881,1731
881,1967
881,1729
881,1590
882,1986
882,1771
882,1889
882,1714
882,1935
882,1547
882,1480
882,1621
882,1956
882,1831
882,1517
882,1832
882,1555
882,1488
883,1571
883,1895
883,1537
883,1800
883,1861
884,1585
884,1885
884,1859
884,1445
885,1678
885,1455
885,1919
885,1593
885,1662
885,1946
885,1612
885,1441
885,1805
886,1862
886,1548
886,1825
886,1923
886,1897
886,1514
886,1768
887,1664
887,1486
887,1523
888,1791
888,1615
888,1635
888,1887
888,1579
888,1962
888,1662
889,1923
889,1897
889,1548
889,1725
889,1514
889,1768
889,1825
889,1499
890,1585
890,1603
890,1880
890,1798
891,1610
891,1829
891,1834
891,1726
891,1690
891,1672
892,1793
892,1919
892,1590
892,1566
892,1871
892,1723
892,1876
892,1946
892,1706
892,1655
892,1773
892,1874
892,1729
892,1650
892,1731
893,1750
893,1953
893,1778
893,1640
893,1991
893,1455
893,1579
893,1742
894,1843
894,1520
894,1548
894,1725
894,1614
894,1905
894,1801
895,1662
895,1926
895,1956
895,1506
895,1547
895,1478
895,1578
895,1831
896,1889
896,1516
896,1497
896,1585
896,1603
896,1899
896,1688
897,1619
897,1741
897,1551
897,1828
897,1985
898,1511
898,1496
898,1555
899,1857
899,1913
899,1557
899,1945
899,1917
900,1539
900,1495
900,1874
900,1615
900,1566
900,1518
900,1968
900,1500
901,1609
901,1740
901,1577
901,1820
901,1562
901,1857
901,1796
901,1628
901,1913
901,1673
901,1522
902,1511
902,1956
902,1541
902,1652
903,1497
903,1533
904,1647
905,1506
905,1662
905,1926
905,1956
905,1962
905,1478
905,1578
906,1445
906,1815
906,1685
906,1570
906,1936
906,1729
906,1666
907,1454
907,1500
907,1644
907,1518
907,1556
907,1704
907,1615
908,1975
908,1880
908,1953
908,1455
908,1967
908,1603
908,1568
908,1441
908,1750
908,1463
908,1798
909,1571
909,1858
909,1893
909,1797
909,1537
909,1845
909,1763
909,1664
909,1819
909,1895
909,1505
909,1735
910,1749
910,1786
910,1745
910,1935
910,1612
910,1957
910,1679
910,1585
910,1859
910,1796
911,1644
911,1539
911,1518
911,1500
911,1556
911,1615
911,1454
911,1962
911,1662
912,1670
912,1699
912,1689
912,1564
912,1994
912,1927
912,1494
912,1893
912,1630
912,1558
912,1614
912,1858
912,1822
913,1464
913,1919
913,1889
913,1773
913,1787
913,1997
914,1585
914,1791
914,1674
914,1962
914,1506
914,1994
914,1932
915,1556
915,1500
915,1644
916,1693
916,1731
916,1790
916,1861
916,1858
916,1537
917,1477
917,1859
917,1652
917,1738
917,1708
917,1915
917,1590
917,1814
918,1484
918,1821
918,1510
918,1782
918,1770
918,1531
918,1532
918,1603
918,1565
918,1552
919,1776
919,1441
919,1465
919,1612
919,1945
919,1902
919,1585
920,1971
920,1637
920,1850
920,1770
920,1512
920,1946
920,1678
920,1677
920,1706
920,1929
920,1729
920,1447
920,1535
920,1779
921,1707
921,1478
921,1574
921,1578
921,1547
921,1862
921,1926
921,1506
921,1662
922,1969
922,1915
922,1998
922,1879
922,1477
922,1567
922,1543
923,1551
923,1741
923,1859
923,1985
923,1906
924,1905
924,1592
924,1614
924,1514
924,1961
924,1670
924,1822
924,1825
924,1548
924,1922
924,1923
924,1608
924,1897
925,1589
925,1550
925,1733
925,1628
926,1543
926,1927
926,1567
926,1728
926,1753
926,1619
926,1915
926,1741
926,1594
927,1445
927,1628
927,1988
927,1644
927,1848
928,1700
928,1952
928,1517
928,1899
928,1488
928,1806
928,1623
928,1456
928,1480
928,1555
928,1581
928,1902
929,1574
929,1842
929,1791
929,1490
929,1935
929,1811
929,1607
930,1566
930,1729
930,1691
930,1793
930,1495
931,1801
931,1820
931,1681
931,1857
931,1502
932,1766
932,1754
932,1974
932,1801
932,1560
932,1520
933,1831
933,1506
933,1725
933,1662
933,1923
933,1825
933,1478
933,1548
933,1578
934,1919
934,1911
934,1902
934,1930
934,1889
934,1456
934,1700
934,1655
934,1480
934,1946
935,1529
935,1816
935,1833
935,1796
936,1519
936,1571
936,1800
936,1861
936,1473
936,1537
936,1735
936,1845
936,1895
936,1474
936,1730
936,1928
936,1746
937,1494
937,1818
937,1999
937,1669
937,1476
937,1610
937,1666
938,1562
938,1970
938,1550
938,1823
938,1628
938,1894
938,1589
938,1848
939,1600
939,1946
939,1930
940,1456
940,1806
940,1700
940,1480
940,1899
940,1902
940,1889
940,1623
940,1555
940,1488
941,1970
941,1848
941,1894
941,1589
941,1628
941,1550
941,1823
942,1621
942,1496
942,1964
942,1509
942,1809
942,1772
943,1579
943,1791
943,1463
943,1887
943,1991
943,1466
943,1975
943,1635
944,1543
944,1969
944,1944
945,1626
945,1811
945,1676
945,1574
946,1543
946,1741
946,1477
946,1981
946,1668
946,1681
946,1889
947,1579
947,1466
947,1456
947,1887
947,1700
948,1529
948,1566
948,1497
948,1843
948,1922
949,1764
949,1858
949,1893
949,1505
949,1715
949,1572
949,1664
949,1797
949,1912
949,1888
949,1660
950,1833
950,1745
950,1907
950,1481
950,1830
950,1888
950,1945
950,1913
950,1787
950,1465
950,1862
950,1740
950,1816
951,1478
952,1467
952,1723
952,1482
952,1921
952,1939
952,1586
953,1730
953,1868
953,1551
953,1474
953,1861
953,1800
953,1746
953,1947
953,1735
953,1895
953,1537
954,1905
954,1670
954,1922
954,1614
954,1592
955,1494
955,1894
955,1737
955,1702
955,1914
955,1550
955,1823
955,1852
955,1589
955,1675
955,1726
955,1602
956,1947
956,1739
956,1875
956,1486
956,1563
956,1530
956,1519
956,1735
957,1997
957,1953
957,1545
957,1458
957,1509
957,1781
957,1496
957,1621
957,1854
957,1775
957,1568
958,1507
958,1482
958,1671
958,1696
958,1499
958,1930
958,1537
958,1700
958,1946
959,1560
959,1781
959,1801
959,1742
959,1790
959,1953
959,1520
959,1987
959,1876
959,1517
960,1640
960,1541
960,1887
960,1957
960,1882
960,1669
960,1881
960,1635
960,1991
960,1579
960,1704
960,1509
960,1791
960,1641
961,1647
961,1518
961,1784
961,1814
961,1601
961,1583
961,1815
961,1523
961,1486
961,1590
961,1729
961,1731
961,1875
962,1876
962,1523
962,1520
962,1757
962,1486
962,1790
962,1696
962,1801
962,1896
963,1894
963,1585
963,1603
963,1798
963,1562
963,1548
963,1589
963,1848
963,1897
964,1750
964,1623
964,1889
964,1985
964,1708
965,1578
965,1662
965,1926
965,1689
965,1547
965,1506
965,1831
965,1674
965,1956
965,1962
966,1650
966,1930
966,1946
966,1919
967,1920
967,1543
967,1887
967,1792
967,1866
967,1969
967,1843
967,1652
967,1957
967,1621
967,1477
967,1713
968,1773
968,1923
968,1886
968,1655
968,1678
968,1946
968,1725
968,1897
968,1514
969,1754
969,1520
969,1801
969,1560
969,1790
969,1766
970,1630
970,1885
970,1699
970,1757
970,1825
970,1840
970,1452
971,1848
971,1773
971,1678
971,1911
971,1562
972,1927
972,1909
972,1455
972,1828
973,1529
973,1533
973,1590
973,1737
973,1731
973,1656
973,1888
973,1497
974,1699
974,1656
974,1501
974,1564
974,1994
974,1515
974,1723
974,1726
974,1731
974,1471
974,1885
974,1513
975,1797
975,1912
975,1715
975,1819
975,1572
975,1664
975,1763
975,1893
975,1505
976,1644
976,1562
976,1525
976,1494
976,1628
976,1589
976,1848
976,1775
976,1713
976,1827
976,1823
977,1700
977,1899
977,1623
977,1583
977,1517
977,1889
977,1555
977,1806
977,1488
977,1902
978,1784
978,1775
978,1490
978,1875
978,1624
978,1757
978,1854
978,1530
978,1957
979,1796
979,1649
979,1969
979,1659
979,1594
979,1816
980,1517
980,1899
980,1889
980,1985
980,1681
980,1555
980,1700
980,1551
981,1688
981,1656
981,1830
981,1862
981,1497
982,1537
982,1800
982,1746
982,1458
982,1735
982,1868
982,1504
982,1861
982,1947
982,1571
983,1547
983,1662
983,1506
983,1578
984,1578
984,1899
984,1478
984,1555
984,1623
984,1547
984,1700
984,1926
984,1480
985,1897
985,1833
985,1968
985,1504
985,1514
985,1914
985,1923
986,1773
986,1700
986,1819
986,1919
986,1572
986,1623
986,1517
986,1806
987,1993
987,1518
987,1902
987,1700
987,1500
987,1906
987,1899
987,1454
987,1889
987,1456
988,1478
988,1547
988,1956
988,1662
988,1578
988,1963
988,1714
988,1962
988,1926
988,1506
988,1705
988,1674
989,1590
989,1815
989,1731
989,1723
989,1647
989,1814
989,1729
990,1797
990,1912
990,1894
990,1505
990,1514
990,1628
990,1627
990,1660
990,1589
990,1550
991,1995
991,1725
991,1983
991,1706
991,1908
991,1836
991,1835
991,1514
992,1837
992,1518
992,1740
992,1662
992,1500
992,1556
992,1679
992,1688
993,1588
993,1522
993,1820
993,1465
993,1913
993,1709
993,1557
993,1481
994,1550
994,1848
994,1970
994,1562
994,1823
994,1589
994,1628
995,1923
995,1548
995,1725
995,1897
995,1768
995,1825
995,1514
996,1927
996,1681
996,1866
996,1543
996,1708
996,1977
996,1862
997,1997
997,1464
997,1957
997,1909
997,1641
997,1657
997,1541
997,1545
998,1798
998,1441
998,1593
998,1808
998,1612
998,1464
998,1666
998,1811
999,1994
999,1689
999,1923
999,1934
999,1595
999,1570
999,1897
1000,1500
1000,1556
1000,1539
1000,1644
1000,1499
1000,1615
1000,1704
1000,1518
1000,1454
1001,1571
1001,1570
1001,1564
1001,1923
1001,1473
1001,1861
1001,1725
1001,1804
1001,1768
1002,1793
1002,1985
1002,1619
1002,1968
1002,1953
1002,1741
1002,1750
1002,1691
1002,1568
1002,1987
1003,1811
1003,1970
1003,1593
1003,1628
1003,1842
1003,1562
1003,1894
1003,1585
1003,1754
1003,1666
1003,1651
1003,1603
1004,1773
1004,1919
1004,1930
1004,1655
1004,1650
1004,1678
1004,1946
1004,1911
1005,1585
1005,1815
1005,1516
1005,1798
1005,1670
1005,1814
1006,1791
1006,1550
1006,1628
1006,1848
1006,1985
1006,1635
1006,1894
1006,1823
1006,1887
1007,1560
1007,1640
1007,1991
1007,1766
1007,1572
1007,1763
1007,1505
1007,1801
1007,1754
1008,1530
1008,1624
1008,1662
1008,1539
1008,1523
1008,1485
1008,1486
1008,1757
1008,1644
1009,1466
1009,1635
1009,1791
1009,1579
1009,1676
1009,1975
1009,1463
1009,1991
1010,1579
1010,1791
1010,1991
1010,1887
1010,1939
1010,1635
1010,1975
1011,1647
1011,1753
1011,1731
1011,1815
1011,1741
1011,1814
1011,1723
1011,1551
1012,1782
1012,1736
1012,1531
1012,1956
1012,1552
1012,1962
1012,1578
1012,1964
1013,1567
1013,1964
1013,1594
1013,1969
1013,1668
1013,1752
1014,1506
1014,1857
1014,1621
1014,1644
1014,1518
1015,1502
1015,1820
1015,1923
1015,1579
1015,1791
1015,1801
1015,1463
1015,1991
1015,1725
1015,1825
1015,1481
1015,1857
1015,1522
1015,1578
1016,1664
1016,1763
1016,1715
1016,1893
1016,1819
1016,1797
1016,1627
1017,1815
1017,1766
1017,1814
1017,1801
1017,1923
1017,1548
1017,1520
1017,1731
1017,1723
1017,1876
1017,1647
1018,1956
1018,1662
1018,1499
1018,1666
1018,1842
1018,1604
1019,1673
1019,1729
1019,1954
1019,1522
1019,1723
1019,1815
1019,1820
1019,1590
1019,1857
1019,1465
1020,1897
1020,1881
1020,1548
1020,1768
1020,1825
1020,1514
1020,1725
1020,1923
1021,1676
1021,1666
1021,1808
1021,1725
1021,1731
1021,1618
1021,1825
1021,1548
1022,1791
1022,1805
1022,1579
1022,1887
1022,1911
1023,1458
1023,1750
1023,1741
1023,1908
1024,1861
1024,1753
1024,1519
1024,1741
1024,1800
1024,1474
1024,1730
1024,1828
1024,1985
1025,1985
1025,1927
1025,1753
1025,1681
1026,1822
1026,1607
1026,1574
1026,1685
1026,1842
1026,1808
1026,1748
1026,1666
1026,1465
1026,1676
1026,1811
1027,1615
1027,1666
1027,1808
1027,1518
1027,1704
1027,1556
1027,1462
1027,1626
1027,1651
1027,1500
1027,1644
1027,1574
1028,1863
1028,1578
1029,1920
1029,1540
1029,1778
1029,1817
1029,1499
1029,1867
1029,1579
1030,1754
1030,1578
1030,1962
1030,1801
1030,1766
1030,1662
1030,1674
1030,1520
1031,1525
1031,1505
1031,1720
1031,1572
1031,1961
1031,1984
1031,1912
1031,1832
1031,1957
1032,1505
1032,1562
1032,1664
1032,1628
1033,1877
1033,1946
1033,1558
1033,1655
1033,1822
1033,1628
1033,1548
1033,1514
1033,1905
1034,1568
1034,1750
1034,1781
1034,1742
1034,1780
1034,1953
1034,1987
1034,1744
1034,1843
1035,1623
1035,1453
1035,1577
1035,1830
1035,1820
1035,1857
1035,1555
1035,1806
1036,1614
1036,1772
1036,1923
1036,1511
1036,1984
1036,1593
1036,1751
1037,1876
1037,1673
1037,1801
1037,1917
1037,1740
1037,1991
1038,1678
1038,1930
1038,1624
1038,1784
1038,1768
1038,1911
1038,1523
1038,1739
1038,1725
1038,1696
1038,1917
1038,1548
1038,1825
1038,1655
1039,1843
1039,1670
1039,1558
1039,1592
1040,1825
1040,1768
1040,1514
1040,1923
1040,1725
1040,1548
1040,1897
1041,1956
1041,1585
1041,1603
1041,1647
1041,1578
1041,1968
1041,1793
1041,1566
1041,1593
1041,1612
1041,1516
1042,1953
1042,1594
1042,1567
1042,1543
1042,1846
1042,1993
1042,1781
1042,1480
1042,1750
1042,1964
1043,1494
1043,1445
1043,1726
1043,1906
1043,1628
1044,1485
1044,1523
1044,1757
1044,1526
1044,1709
1044,1828
1044,1945
1044,1551
1045,1550
1045,1970
1045,1589
1045,1628
1045,1462
1045,1574
1045,1808
1045,1607
1046,1993
1046,1550
1046,1742
1046,1953
1046,1750
1046,1781
1046,1568
1046,1458
1046,1780
1047,1578
1047,1478
1047,1742
1047,1780
1047,1888
1047,1529
1047,1455
1047,1779
1047,1816
1047,1568
1047,1862
1048,1866
1048,1530
1048,1739
1048,1757
1048,1987
1048,1503
1048,1967
1048,1750
1049,1672
1049,1656
1049,1638
1049,1497
1049,1745
1049,1479
1049,1796
1049,1457
1049,1793
1049,1874
1049,1533
1050,1859
1050,1906
1050,1667
1050,1603
1050,1516
1051,1517
1051,1902
1051,1456
1051,1899
1051,1488
1051,1806
1051,1889
1051,1555
1051,1480
1051,1623
1052,1529
1052,1801
1052,1770
1052,1966
1052,1525
1052,1560
1052,1520
1053,1953
1053,1750
1053,1458
1053,1780
1053,1967
1053,1781
1054,1966
1054,1770
1054,1754
1054,1498
1054,1483
1054,1482
1054,1535
1054,1939
1055,1848
1055,1481
1055,1550
1055,1628
1055,1562
1056,1814
1056,1729
1056,1731
1056,1590
1056,1647
1056,1858
1056,1723
1057,1502
1057,1740
1057,1609
1057,1465
1057,1522
1058,1729
1058,1723
1058,1858
1058,1590
1058,1520
1058,1814
1058,1815
1059,1811
1059,1801
1059,1683
1059,1607
1059,1642
1059,1676
1059,1685
1059,1842
1059,1666
1060,1578
1060,1735
1060,1530
1060,1523
1060,1804
1060,1661
1060,1537
1060,1563
1060,1575
1061,1725
1061,1548
1061,1947
1061,1589
1061,1861
1061,1848
1062,1919
1062,1946
1062,1773
1062,1585
1062,1930
1062,1678
1062,1805
1062,1516
1062,1593
1063,1675
1063,1816
1063,1888
1063,1533
1063,1862
1063,1497
1063,1737
1064,1970
1064,1562
1064,1506
1064,1956
1064,1848
1064,1731
1064,1815
1064,1580
1065,1652
1065,1708
1065,1567
1065,1458
1065,1953
1065,1780
1065,1969
1065,1668
1066,1603
1066,1586
1066,1532
1066,1541
1066,1835
1066,1585
1066,1531
1066,1957
1067,1901
1067,1900
1067,1493
1067,1805
1067,1966
1067,1512
1067,1498
1067,1946
1067,1534
1068,1905
1068,1525
1068,1853
1068,1919
1068,1511
1068,1751
1068,1773
1068,1877
1068,1678
1068,1509
1068,1720
1068,1614
1068,1961
1069,1774
1069,1715
1069,1797
1069,1660
1069,1893
1069,1858
1070,1579
1070,1791
1070,1991
1070,1466
1070,1463
1070,1887
1070,1640
1070,1635
1071,1628
1071,1766
1071,1894
1071,1754
1071,1520
1071,1823
1071,1562
1072,1764
1072,1659
1072,1977
1072,1664
1072,1594
1072,1543
1072,1668
1072,1663
1072,1487
1073,1693
1073,1791
1073,1887
1073,1520
1073,1510
1074,1848
1074,1664
1074,1550
1074,1589
1075,1793
1075,1968
1075,1820
1075,1798
1075,1612
1075,1684
1075,1585
1075,1859
1075,1441
1075,1603
1076,1850
1076,1804
1076,1654
1076,1521
1076,1947
1076,1921
1076,1730
1076,1491
1076,1537
1076,1555
1076,1535
1076,1482
1077,1823
1077,1848
1077,1562
1078,1772
1078,1930
1078,1946
1078,1790
1078,1713
1078,1496
1078,1650
1078,1509
1079,1555
1079,1874
1079,1517
1079,1480
1079,1902
1079,1495
1080,1716
1080,1936
1080,1570
1080,1471
1080,1787
1080,1912
1080,1732
1080,1885
1080,1631
1081,1871
1081,1644
1081,1556
1081,1500
1081,1454
1081,1793
1081,1691
1081,1615
1081,1704
1081,1874
1081,1684
1081,1968
1082,1525
1082,1842
1082,1710
1083,1882
1083,1957
1083,1852
1083,1949
1083,1745
1083,1816
1083,1737
1083,1490
1083,1545
1083,1514
1083,1830
1083,1869
1083,1825
1084,1985
1084,1902
1084,1899
1084,1927
1084,1551
1084,1456
1084,1555
1084,1488
1084,1741
1085,1564
1085,1829
1085,1659
1085,1732
1085,1982
1085,1866
1085,1691
1085,1630
1086,1911
1086,1678
1086,1944
1086,1592
1087,1488
1087,1696
1087,1452
1087,1806
1087,1503
1088,1825
1088,1725
1088,1923
1088,1768
1088,1514
1088,1548
1088,1897
1089,1985
1089,1846
1089,1567
1089,1681
1089,1922
1089,1927
1089,1828
1089,1652
1090,1887
1090,1578
1090,1926
1090,1991
1090,1662
1090,1714
1090,1547
1090,1705
1090,1579
1091,1748
1091,1676
1091,1899
1091,1700
1091,1517
1091,1488
1091,1806
1092,1613
1092,1773
1093,1496
1093,1505
1093,1657
1093,1912
1093,1715
1093,1949
1093,1986
1094,1570
1094,1902
1094,1899
1094,1445
1095,1495
1095,1566
1096,1832
1096,1568
1096,1984
1096,1780
1096,1509
1096,1781
1096,1744
1096,1953
1096,1508
1097,1904
1097,1924
1097,1677
1097,1596
1097,1580
1097,1676
1098,1539
1098,1993
1098,1454
1098,1518
1098,1652
1098,1556
1098,1897
1098,1879
1099,1948
1099,1566
1099,1921
1099,1499
1099,1482
1099,1874
1100,1684
1100,1566
1100,1666
1100,1615
1101,1593
1101,1790
1101,1667
1101,1801
1101,1766
1101,1612
1101,1906
1101,1876
1101,1516
1101,1441
1101,1603
1101,1798
1101,1585
1102,1696
1102,1572
1102,1858
1102,1757
1102,1523
1102,1819
1102,1503
1102,1615
1103,1790
1103,1801
1103,1482
1103,1560
1103,1520
1104,1795
1104,1807
1104,1641
1104,1500
1104,1804
1104,1518
1105,1593
1105,1880
1105,1441
1105,1603
1105,1798
1105,1612
1106,1681
1106,1985
1106,1741
1106,1652
1106,1594
1106,1828
1107,1784
1107,1684
1107,1463
1107,1875
1107,1566
1107,1640
1107,1661
1107,1896
1107,1579
1107,1691
1108,1781
1108,1568
1108,1600
1108,1946
1108,1551
1108,1953
1108,1579
1108,1626
1109,1991
1109,1466
1109,1791
1109,1555
1109,1463
1110,1811
1110,1953
1110,1666
1110,1742
1111,1927
1111,1457
1111,1985
1111,1741
1111,1546
1111,1610
1111,1876
1111,1672
1111,1733
1112,1739
1112,1763
1112,1660
1112,1757
1112,1928
1113,1815
1113,1735
1113,1814
1113,1947
1113,1729
1113,1730
1114,1888
1114,1816
1114,1914
1114,1453
1114,1869
1114,1862
1114,1497
1114,1479
1115,1896
1115,1488
1115,1825
1115,1456
1115,1503
1115,1700
1115,1548
1115,1480
1115,1923
1115,1725
1115,1902
1116,1562
1116,1628
1116,1846
1116,1866
1116,1543
1116,1613
1116,1594
1116,1998
1116,1823
1116,1848
1116,1589
1117,1720
1117,1670
1117,1961
1117,1944
1117,1822
1117,1843
1117,1614
1117,1592
1118,1488
1118,1700
1118,1555
1118,1814
1118,1902
1118,1517
1118,1729
1118,1806
1118,1623
1118,1456
1119,1684
1119,1848
1119,1495
1119,1628
1119,1874
1120,1621
1120,1511
1120,1657
1120,1464
1120,1713
1120,1509
1121,1791
1121,1635
1121,1592
1121,1558
1121,1670
1121,1497
1121,1463
1122,1517
1122,1902
1122,1889
1122,1555
1122,1700
1122,1456
1122,1806
1122,1488
1122,1899
1123,1811
1123,1985
1123,1981
1123,1752
1124,1455
1124,1488
1124,1780
1124,1517
1125,1488
1125,1456
1125,1555
1125,1889
1125,1566
1125,1517
1125,1480
1125,1700
1125,1806
1125,1684
1126,1967
1126,1568
1126,1953
1126,1781
1126,1750
1126,1744
1127,1656
1127,1762
1127,1881
1127,1888
1127,1745
1127,1852
1127,1914
1127,1504
1128,1766
1128,1560
1128,1520
1128,1790
1128,1754
1128,1876
1128,1801
1129,1749
1129,1969
1129,1827
1129,1668
1129,1621
1129,1775
1129,1728
1129,1752
1129,1474
1130,1725
1130,1626
1130,1798
1130,1842
1130,1906
1130,1514
1131,1763
1131,1558
1131,1542
1131,1781
1131,1486
1131,1858
1131,1905
1131,1664
1131,1647
1131,1893
1131,1922
1132,1750
1132,1780
1132,1896
1132,1455
1132,1568
1132,1530
1132,1987
1132,1661
1132,1739
1132,1757
1132,1601
1132,1563
1132,1503
1133,1893
1133,1774
1133,1797
1133,1912
1133,1858
1133,1763
1133,1664
1133,1660
1133,1819
1133,1715
1133,1572
1134,1961
1134,1944
1134,1843
1134,1905
1134,1922
1134,1720
1134,1592
1134,1614
1134,1877
1134,1822
1135,1635
1135,1541
1135,1490
1135,1935
1135,1887
1135,1857
1135,1954
1135,1772
1135,1997
1135,1579
1135,1577
1135,1657
1135,1465
1136,1579
1136,1505
1136,1991
1136,1797
1136,1572
1136,1975
1136,1463
1136,1715
1136,1791
1137,1858
1137,1801
1137,1441
1137,1754
1137,1560
1137,1666
1137,1876
1137,1660
1137,1505
1137,1790
1137,1664
1137,1763
1137,1893
1138,1572
1138,1967
1138,1858
1138,1912
1138,1568
1138,1953
1138,1798
1138,1781
1138,1877
1138,1593
1139,1882
1139,1525
1139,1920
1139,1854
1139,1832
1139,1490
1139,1772
1139,1657
1139,1775
1140,1825
1140,1626
1140,1548
1140,1842
1140,1514
1140,1923
1140,1676
1141,1985
1141,1913
1141,1927
1141,1614
1141,1877
1141,1580
1141,1681
1141,1720
1141,1592
1142,1532
1142,1599
1142,1539
1142,1482
1142,1484
1143,1480
1143,1889
1143,1806
1143,1456
1143,1589
1143,1562
1143,1550
1143,1662
1143,1848
1143,1970
1143,1678
1143,1899
1143,1823
1143,1655
1144,1666
1144,1967
1144,1953
1144,1811
1144,1781
1144,1568
1144,1626
1145,1580
1145,1842
1145,1487
1145,1914
1145,1792
1145,1603
1145,1652
1145,1666
1146,1718
1146,1578
1146,1926
1146,1478
1146,1571
1146,1655
1146,1956
1146,1946
1146,1947
1146,1930
1147,1720
1147,1877
1147,1822
1147,1961
1147,1556
1147,1968
1147,1922
1147,1558
1148,1981
1148,1487
1148,1578
1148,1652
1149,1539
1149,1556
1149,1615
1149,1644
1149,1518
1150,1509
1150,1496
1150,1713
1150,1541
1150,1621
1150,1490
1150,1847
1150,1775
1150,1657
1150,1726
1150,1564
1151,1495
1151,1871
1151,1905
1151,1691
1152,1628
1152,1550
1152,1985
1152,1927
1152,1848
1152,1647
1152,1828
1153,1917
1153,1526
1153,1522
1153,1577
1153,1896
1153,1857
1153,1485
1154,1651
1155,1974
1155,1706
1155,1719
1155,1548
1155,1762
1155,1498
1155,1965
1155,1927
1155,1850
1155,1637
1155,1531
1155,1756
1155,1908
1156,1625
1156,1629
1156,1860
1156,1905
1156,1706
1156,1605
1156,1564
1156,1770
1156,1592
1156,1614
1157,1552
1157,1815
1157,1612
1157,1839
1157,1756
1157,1499
1158,1845
1158,1571
1158,1519
1158,1735
1159,1673
1159,1972
1159,1486
1159,1575
1159,1503
1159,1945
1159,1757
1160,1607
1160,1666
1160,1685
1160,1500
1160,1580
1160,1510
1160,1615
1160,1454
1160,1905
1160,1539
1160,1644
1161,1566
1161,1548
1162,1647
1162,1613
1162,1723
1162,1896
1162,1804
1163,1985
1163,1828
1163,1551
1163,1585
1163,1906
1163,1741
1163,1681
1163,1603
1163,1859
1163,1927
1163,1593
1163,1619
1163,1612
1163,1798
1164,1624
1165,1592
1165,1720
1165,1922
1165,1614
1165,1894
1165,1944
1165,1707
1165,1550
1165,1670
1165,1562
1166,1926
1166,1506
1166,1662
1166,1547
1167,1539
1167,1615
1167,1628
1167,1644
1167,1664
1167,1572
1167,1848
1167,1894
1168,1725
1168,1897
1168,1600
1169,1603
1169,1842
1169,1626
1169,1441
1169,1593
1169,1580
1169,1495
1169,1651
1169,1585
1169,1691
1170,1999
1170,1797
1170,1505
1170,1749
1170,1627
1170,1548
1170,1825
1170,1636
1170,1710
1170,1764
1170,1920
1171,1612
1171,1628
1171,1700
1171,1902
1171,1667
1171,1585
1172,1614
1172,1700
1172,1944
1172,1558
1172,1720
1173,1445
1173,1630
1173,1689
1173,1564
1173,1944
1173,1494
1173,1617
1173,1690
1173,1982
1173,1885
1174,1545
1174,1476
1174,1957
1174,1832
1174,1657
1174,1775
1174,1920
1174,1509
1174,1909
1174,1700
1174,1935
1174,1881
1175,1537
1175,1800
1175,1735
1175,1825
1175,1746
1175,1895
1175,1897
1176,1733
1176,1595
1176,1885
1176,1829
1177,1875
1177,1985
1177,1953
1177,1895
1177,1800
1178,1953
1178,1781
1178,1723
1178,1814
1178,1729
1178,1568
1178,1780
1178,1731
1178,1647
1179,1887
1179,1557
1179,1720
1179,1905
1179,1609
1179,1592
1179,1877
1179,1481
1179,1522
1179,1954
1179,1465
1180,1662
1180,1964
1180,1506
1180,1797
1180,1714
1180,1578
1180,1547
1180,1478
1180,1831
1181,1496
1181,1772
1181,1731
1181,1657
1181,1814
1181,1713
1181,1509
1181,1490
1181,1518
1181,1500
1182,1644
1182,1518
1182,1791
1182,1861
1182,1506
1182,1800
1182,1571
1183,1562
1183,1550
1183,1823
1183,1848
1183,1589
1183,1894
1183,1628
1184,1905
1184,1843
1184,1614
1185,1662
1185,1578
1185,1590
1185,1506
1186,1525
1186,1598
1186,1999
1186,1997
1186,1710
1186,1986
1186,1669
1186,1749
1187,1741
1187,1480
1187,1456
1187,1518
1188,1858
1188,1928
1188,1797
1188,1893
1188,1800
1188,1474
1188,1861
1188,1819
1188,1571
1188,1804
1189,1545
1189,1464
1189,1909
1189,1621
1189,1775
1189,1920
1189,1598
1189,1538
1189,1832
1189,1758
1190,1940
1190,1488
1190,1623
1190,1915
1190,1487
1190,1899
1190,1594
1190,1700
1190,1752
1190,1456
1191,1877
1191,1614
1191,1919
1192,1579
1192,1615
1192,1987
1192,1953
1192,1742
1193,1843
1193,1558
1193,1944
1193,1614
1193,1592
1193,1877
1193,1720
1193,1961
1193,1822
1193,1922
1193,1670
1193,1905
1194,1970
1194,1589
1194,1823
1194,1628
1194,1562
1194,1848
1194,1550
1194,1894
1195,1572
1195,1664
1195,1715
1195,1627
1195,1858
1195,1819
1195,1481
1196,1811
1196,1768
1196,1842
1196,1676
1196,1651
1196,1574
1196,1607
1196,1514
1196,1825
1196,1666
1197,1980
1197,1625
1197,1672
1197,1564
1197,1610
1197,1639
1197,1994
1197,1759
1197,1813
1197,1936
1198,1859
1198,1593
1198,1798
1198,1906
1198,1667
1198,1516
1199,1517
1199,1710
1199,1935
1199,1795
1199,1832
1199,1806
1199,1902
1199,1508
1199,1700
1199,1509
1199,1909
1200,1823
1200,1801
1200,1520
1200,1887
1200,1551
1200,1579
1200,1985
1200,1991
1200,1917
1201,1628
1201,1741
1201,1589
1201,1848
1201,1550
1201,1691
1201,1551
1201,1562
1201,1681
1202,1750
1202,1953
1202,1780
1202,1987
1202,1781
1202,1455
1202,1458
1202,1742
1203,1518
1203,1644
1203,1615
1203,1621
1203,1508
1203,1710
1204,1782
1204,1642
1204,1604
1204,1770
1205,1887
1205,1579
1205,1463
1205,1991
1205,1466
1205,1791
1205,1975
1205,1635
1206,1732
1206,1570
1206,1726
1206,1515
1206,1538
1206,1834
1206,1769
1206,1982
1207,1985
1207,1497
1207,1814
1207,1590
1207,1833
1207,1741
1207,1513
1208,1858
1208,1781
1208,1828
1208,1619
1209,1741
1209,1551
1209,1985
1209,1460
1209,1681
1209,1753
1209,1790
1209,1828
1209,1927
1209,1619
1210,1736
1210,1496
1210,1549
1210,1499
1210,1509
1210,1957
1210,1604
1210,1535
1210,1872
1210,1512
1210,1965
1211,1923
1211,1963
1211,1700
1211,1733
1211,1629
1211,1725
1211,1610
1211,1899
1211,1702
1212,1814
1212,1723
1212,1647
1212,1590
1213,1923
1213,1481
1213,1465
1213,1676
1213,1580
1213,1842
1214,1455
1214,1780
1214,1781
1214,1953
1214,1568
1214,1558
1214,1679
1214,1742
1214,1987
1214,1458
1215,1511
1215,1827
1215,1791
1215,1463
1215,1909
1215,1448
1215,1443
1215,1887
1215,1464
1215,1807
1216,1808
1216,1825
1216,1458
1216,1514
1217,1443
1217,1496
1217,1598
1217,1781
1217,1775
1217,1669
1217,1883
1217,1935
1217,1636
1217,1832
1217,1909
1217,1464
1217,1771
1218,1729
1218,1676
1218,1748
1218,1941
1218,1814
1218,1647
1219,1851
1219,1988
1219,1468
1219,1838
1219,1457
1219,1672
1220,1860
1220,1905
1220,1877
1220,1857
1220,1609
1220,1740
1220,1720
1220,1822
1220,1614
1220,1954
1220,1961
1221,1486
1221,1593
1221,1441
1221,1748
1221,1696
1221,1811
1222,1947
1222,1861
1222,1804
1222,1473
1222,1718
1222,1537
1222,1800
1222,1571
1223,1874
1223,1968
1223,1662
1223,1534
1223,1762
1223,1484
1223,1578
1223,1691
1223,1536
1223,1684
1223,1965
1223,1521
1224,1669
1224,1933
1224,1621
1224,1476
1224,1511
1225,1814
1225,1593
1225,1603
1225,1656
1225,1668
1225,1969
1225,1964
1225,1915
1226,1476
1226,1775
1226,1621
1226,1804
1226,1928
1227,1751
1227,1741
1227,1927
1227,1933
1227,1753
1227,1464
1227,1985
1228,1603
1228,1585
1228,1667
1228,1906
1229,1781
1229,1720
1229,1458
1229,1953
1229,1455
1229,1750
1230,1485
1230,1466
1230,1579
1230,1887
1230,1523
1230,1563
1231,1985
1231,1744
1231,1967
1231,1551
1231,1568
1231,1750
1232,1985
1232,1730
1233,1914
1233,1679
1233,1737
1233,1862
1233,1816
1233,1513
1233,1479
1233,1497
1233,1888
1234,1562
1234,1589
1234,1815
1234,1578
1234,1741
1234,1729
1234,1460
1234,1628
1234,1823
1235,1798
1235,1585
1235,1555
1235,1548
1235,1906
1236,1750
1236,1659
1236,1478
1236,1705
1236,1668
1237,1953
1237,1967
1237,1458
1237,1568
1237,1557
1238,1495
1238,1691
1238,1566
1238,1793
1238,1871
1238,1874
1238,1968
1239,1550
1239,1731
1239,1729
1239,1651
1239,1808
1240,1506
1240,1956
1240,1478
1240,1963
1240,1662
1240,1547
1240,1578
1240,1714
1241,1590
1241,1815
1242,1787
1242,1631
1242,1861
1242,1769
1242,1537
1242,1699
1242,1735
1242,1759
1242,1982
1242,1885
1243,1926
1243,1578
1244,1919
1244,1600
1244,1741
1244,1814
1244,1650
1244,1753
1244,1555
1245,1506
1245,1662
1245,1798
1245,1593
1245,1729
1245,1814
1245,1516
1245,1547
1245,1754
1245,1962
1245,1831
1245,1590
1245,1723
1245,1815
1246,1497
1246,1504
1246,1589
1246,1848
1246,1823
1246,1550
1246,1869
1247,1953
1247,1547
1248,1797
1248,1579
1248,1715
1248,1664
1248,1991
1248,1887
1248,1640
1248,1791
1248,1463
1249,1846
1249,1644
1249,1659
1249,1708
1249,1615
1249,1518
1249,1556
1249,1977
1249,1940
1249,1969
1249,1543
1249,1487
1250,1866
1250,1962
1250,1728
1250,1969
1250,1926
1250,1547
1250,1708
1251,1843
1251,1558
1251,1906
1251,1961
1251,1603
1252,1537
1252,1685
1252,1895
1252,1475
1252,1566
1252,1793
1253,1985
1253,1619
1253,1828
1253,1927
1253,1551
1253,1681
1253,1753
1253,1741
1254,1884
1254,1967
1254,1484
1254,1799
1254,1793
1254,1874
1255,1500
1255,1888
1255,1796
1255,1737
1255,1504
1255,1533
1255,1704
1255,1454
1255,1688
1255,1644
1255,1869
1256,1987
1256,1748
1256,1583
1256,1533
1256,1967
1256,1811
1257,1915
1257,1597
1257,1628
1257,1964
1257,1562
1257,1737
1257,1970
1257,1550
1258,1562
1258,1520
1258,1628
1258,1848
1258,1766
1259,1499
1259,1535
1259,1681
1260,1579
1260,1640
1260,1791
1260,1887
1260,1652
1260,1635
1261,1798
1261,1741
1261,1880
1261,1441
1261,1985
1261,1949
1261,1585
1261,1603
1261,1681
1261,1516
1261,1828
1261,1495
1261,1593
1261,1612
1262,1902
1262,1623
1262,1517
1262,1889
1262,1488
1262,1899
1262,1555
1262,1571
1262,1993
1262,1700
1262,1480
1263,1494
1263,1769
1263,1934
1263,1833
1263,1760
1263,1515
1264,1482
1264,1552
1264,1983
1264,1484
1264,1788
1264,1966
1265,1858
1265,1969
1265,1738
1265,1764
1265,1912
1265,1572
1266,1833
1266,1529
1266,1832
1266,1852
1266,1448
1266,1713
1266,1862
1266,1883
1266,1636
1266,1513
1266,1656
1266,1497
1267,1906
1267,1740
1267,1842
1267,1607
1267,1945
1267,1662
1267,1673
1267,1481
1267,1574
1267,1808
1268,1791
1268,1463
1268,1465
1268,1577
1268,1887
1268,1975
1269,1575
1269,1757
1269,1530
1269,1661
1269,1542
1269,1624
1269,1613
1270,1518
1270,1454
1270,1541
1270,1644
1270,1539
1270,1500
1270,1775
1270,1496
1271,1741
1271,1551
1271,1828
1271,1985
1271,1927
1271,1681
1272,1500
1272,1644
1272,1615
1272,1454
1272,1539
1272,1556
1272,1704
1272,1518
1273,1797
1273,1897
1273,1715
1273,1505
1273,1828
1273,1548
1274,1798
1274,1859
1274,1603
1274,1612
1274,1585
1274,1516
1274,1880
1274,1906
1274,1592
1274,1667
1274,1593
1275,1790
1275,1520
1275,1560
1275,1801
1275,1876
1275,1754
1276,1560
1276,1650
1276,1911
1276,1773
1276,1876
1276,1615
1277,1499
1277,1765
1277,1794
1277,1762
1277,1768
1277,1498
1277,1725
1277,1551
1277,1693
1277,1548
1277,1706
1277,1821
1277,1531
1278,1700
1278,1899
1278,1555
1278,1456
1278,1517
1278,1902
1278,1806
1278,1488
1278,1623
1278,1510
1279,1523
1279,1843
1279,1613
1279,1768
1279,1592
1279,1548
1279,1825
1279,1822
1280,1500
1280,1556
1280,1754
1280,1644
1281,1463
1281,1681
1282,1888
1282,1832
1282,1632
1282,1854
1282,1881
1282,1641
1282,1984
1282,1464
1282,1578
1282,1476
1282,1509
1282,1688
1282,1533
1283,1560
1283,1968
1283,1801
1283,1495
1283,1790
1283,1506
1283,1874
1283,1520
1284,1577
1284,1609
1284,1646
1284,1481
1284,1465
1284,1820
1284,1913
1284,1588
1284,1557
1284,1945
1284,1954
1284,1917
1285,1814
1285,1815
1285,1993
1285,1647
1286,1791
1286,1991
1286,1579
1286,1635
1286,1640
1286,1815
1286,1466
1286,1887
1286,1814
1286,1731
1286,1647
1286,1590
1286,1729
1286,1463
1286,1975
1287,1781
1287,1927
1288,1498
1288,1860
1288,1966
1288,1794
1288,1540
1288,1812
1289,1753
1289,1696
1289,1503
1289,1985
1289,1486
1289,1619
1289,1739
1289,1452
1289,1563
1289,1530
1290,1714
1290,1662
1290,1676
1290,1578
1290,1626
1290,1547
1290,1666
1290,1831
1290,1651
1290,1941
1290,1685
1290,1842
1291,1522
1291,1750
1291,1902
1291,1806
1291,1456
1291,1555
1292,1877
1292,1843
1292,1905
1292,1842
1292,1961
1292,1670
1292,1614
1292,1592
1292,1822
1292,1922
1293,1580
1293,1666
1294,1625
1294,1769
1294,1589
1294,1445
1294,1550
1294,1894
1294,1885
1295,1917
1295,1609
1295,1577
1295,1857
1295,1481
1295,1522
1295,1709
1295,1913
1295,1465
1296,1628
1296,1894
1297,1758
1297,1562
1297,1970
1297,1862
1297,1909
1297,1550
1297,1448
1297,1581
1298,1704
1298,1885
1298,1625
1298,1936
1299,1946
1299,1500
1299,1600
1299,1650
1299,1556
1299,1930
1299,1704
1299,1655
1299,1518
1299,1919
1299,1773
1299,1539
1300,1462
1300,1651
1300,1685
1300,1666
1300,1676
1300,1683
1300,1832
1300,1811
1301,1926
1301,1547
1302,1726
1302,1564
1302,1689
1302,1787
1302,1445
1302,1616
1302,1570
1302,1672
1303,1562
1303,1550
1303,1889
1303,1970
1303,1589
1303,1456
1303,1899
1303,1823
1303,1894
1304,1605
1304,1984
1304,1528
1304,1565
1304,1688
1304,1586
1305,1551
1305,1741
1305,1828
1306,1833
1306,1720
1306,1905
1306,1816
1306,1804
1306,1845
1306,1800
1306,1533
1306,1597
1307,1815
1307,1547
1307,1729
1307,1578
1307,1662
1307,1714
1307,1505
1307,1763
1307,1715
1308,1696
1308,1624
1308,1523
1308,1661
1309,1548
1309,1906
1309,1623
1309,1667
1309,1897
1309,1585
1309,1593
1309,1555
1309,1899
1309,1517
1309,1700
1309,1612
1310,1488
1310,1456
1310,1517
1310,1889
1311,1497
1311,1993
1311,1578
1311,1668
1311,1956
1311,1648
1311,1714
1311,1543
1311,1662
1312,1644
1312,1518
1312,1500
1312,1505
1312,1893
1312,1774
1313,1933
1313,1906
1313,1881
1313,1490
1314,1579
1314,1523
1314,1791
1314,1614
1314,1887
1314,1696
1314,1722
1314,1486
1315,1485
1315,1613
1315,1822
1315,1503
1315,1530
1315,1661
1315,1670
1316,1593
1316,1906
1316,1516
1316,1441
1316,1603
1316,1737
1316,1880
1316,1612
1317,1517
1317,1623
1317,1480
1317,1488
1317,1456
1318,1998
1318,1686
1318,1981
1319,1731
1319,1897
1319,1729
1319,1647
1319,1814
1320,1478
1320,1662
1320,1766
1320,1768
1320,1790
1320,1548
1320,1963
1320,1801
1320,1514
1321,1674
1321,1578
1321,1662
1321,1926
1322,1730
1322,1804
1322,1893
1322,1858
1322,1572
1323,1603
1323,1820
1323,1502
1323,1954
1323,1857
1323,1945
1323,1740
1323,1481
1323,1522
1323,1913
1323,1588
1324,1664
1325,1664
1325,1899
1325,1517
1325,1806
1325,1623
1326,1946
1326,1919
1326,1911
1326,1773
1326,1650
1327,1520
1327,1790
1328,1953
1328,1781
1328,1568
1328,1742
1328,1967
1328,1744
1328,1780
1329,1511
1329,1825
1330,1519
1330,1571
1330,1517
1330,1537
1330,1804
1330,1797
1330,1703
1330,1800
1330,1880
1331,1871
1331,1790
1331,1566
1331,1793
1331,1814
1331,1801
1331,1495
1331,1560
1332,1530
1332,1722
1332,1495
1332,1526
1333,1585
1333,1788
1333,1798
1333,1859
1333,1593
1333,1911
1333,1930
1333,1919
1333,1650
1333,1678
1334,1499
1334,1478
1334,1966
1334,1552
1334,1801
1334,1662
1334,1926
1334,1799
1334,1521
1334,1995
1334,1482
1334,1651
1335,1826
1335,1639
1335,1510
1335,1564
1335,1847
1335,1966
1335,1885
1336,1858
1336,1825
1336,1578
1337,1452
1337,1739
1337,1523
1337,1613
1337,1563
1337,1896
1337,1526
1338,1550
1338,1562
1338,1589
1338,1848
1338,1930
1338,1628
1338,1894
1338,1823
1339,1894
1339,1970
1339,1579
1339,1463
1339,1814
1339,1911
1339,1589
1339,1823
1339,1773
1339,1562
1339,1946
1340,1888
1340,1796
1340,1833
1340,1791
1340,1579
1340,1887
1340,1453
1340,1513
1340,1463
1341,1589
1341,1628
1341,1550
1341,1894
1341,1970
1341,1848
1341,1823
1341,1562
1342,1537
1342,1927
1342,1571
1342,1800
1342,1828
1343,1454
1343,1461
1343,1556
1343,1631
1343,1733
1343,1518
1343,1932
1343,1644
1344,1627
1344,1774
1344,1715
1344,1831
1344,1828
1344,1506
1344,1714
1344,1662
1344,1505
1344,1927
1344,1962
1344,1578
1344,1985
1345,1961
1345,1662
1345,1555
1345,1488
1345,1962
1345,1558
1345,1956
1346,1885
1346,1783
1346,1494
1346,1564
1346,1672
1346,1515
1346,1570
1346,1787
1346,1936
1346,1629
1347,1504
1347,1459
1347,1783
1347,1988
1347,1852
1348,1800
1348,1801
1348,1903
1348,1928
1348,1804
1348,1790
1348,1537
1349,1563
1350,1828
1350,1861
1350,1920
1350,1832
1351,1741
1351,1753
1351,1828
1351,1551
1352,1620
1352,1919
1352,1586
1352,1692
1352,1805
1352,1884
1352,1637
1352,1889
1352,1678
1352,1650
1353,1946
1353,1655
1353,1805
1353,1650
1353,1911
1353,1773
1353,1930
1353,1919
1354,1906
1354,1612
1354,1603
1354,1593
1354,1585
1354,1441
1354,1667
1354,1798
1355,1455
1355,1514
1355,1744
1355,1967
1355,1735
1355,1750
1356,1923
1356,1713
1356,1476
1356,1949
1356,1509
1356,1511
1356,1854
1356,1621
1357,1681
1357,1551
1357,1741
1357,1828
1357,1927
1357,1985
1357,1619
1357,1460
1357,1753
1358,1985
1358,1562
1358,1551
1359,1915
1359,1659
1359,1848
1359,1665
1359,1792
1359,1708
1359,1652
1359,1998
1359,1668
1360,1819
1360,1858
1360,1797
1360,1738
1360,1652
1360,1893
1361,1773
1361,1919
1361,1946
1361,1906
1361,1930
1361,1911
1361,1797
1361,1499
1362,1523
1362,1875
1362,1555
1362,1757
1362,1601
1362,1889
1362,1899
1363,1578
1363,1642
1363,1662
1363,1926
1363,1877
1364,1480
1364,1517
1364,1700
1364,1902
1364,1889
1364,1623
1364,1899
1364,1757
1364,1806
1364,1555
1365,1562
1365,1589
1365,1848
1365,1894
1365,1628
1365,1823
1366,1566
1366,1562
1366,1793
1366,1495
1366,1589
1366,1823
1366,1691
1366,1628
1366,1894
1366,1848
1366,1684
1366,1968
1367,1662
1367,1889
1367,1705
1367,1571
1367,1555
1367,1956
1367,1806
1367,1578
1367,1899
1368,1902
1368,1454
1368,1518
1368,1539
1368,1996
1368,1899
1368,1704
1368,1700
1368,1567
1368,1537
1368,1555
1368,1868
1368,1806
1368,1889
1368,1895
1369,1753
1369,1579
1369,1635
1369,1681
1369,1566
1370,1984
1370,1635
1370,1657
1370,1786
1370,1669
1370,1935
1370,1791
1370,1579
1370,1758
1370,1887
1370,1772
1371,1766
1371,1662
1371,1801
1371,1754
1371,1547
1371,1831
1372,1505
1372,1893
1372,1858
1372,1628
1372,1763
1373,1678
1373,1911
1373,1805
1373,1600
1373,1905
1373,1919
1373,1720
1373,1773
1373,1822
1373,1655
1374,1960
1374,1790
1374,1801
1374,1887
1374,1688
1374,1579
1374,1598
1374,1991
1374,1463
1375,1902
1375,1700
1375,1718
1375,1623
1375,1620
1375,1903
1375,1861
1375,1899
1375,1480
1375,1730
1375,1800
1376,1741
1376,1765
1376,1482
1376,1985
1376,1510
1376,1833
1376,1681
1377,1911
1377,1655
1377,1946
1377,1919
1377,1805
1377,1600
1377,1678
1377,1650
1378,1781
1378,1629
1378,1623
1378,1700
1378,1555
1378,1808
1378,1494
1378,1616
1378,1564
1378,1932
1379,1876
1379,1685
1379,1618
1379,1497
1379,1801
1379,1651
1379,1816
1379,1666
1380,1725
1380,1514
1380,1874
1380,1825
1380,1566
1380,1968
1380,1793
1381,1564
1381,1798
1381,1593
1381,1585
1381,1957
1381,1949
1381,1471
1381,1751
1381,1783
1381,1726
1381,1741
1381,1445
1382,1578
1382,1662
1382,1568
1382,1888
1382,1967
1382,1956
1382,1781
1382,1674
1382,1816
1382,1547
1382,1737
1383,1558
1383,1922
1383,1828
1383,1877
1383,1707
1383,1985
1383,1961
1384,1877
1384,1614
1384,1662
1384,1822
1384,1506
1384,1905
1384,1944
1385,1852
1385,1688
1385,1497
1385,1513
1385,1560
1385,1533
1385,1504
1386,1621
1386,1678
1386,1843
1387,1757
1387,1613
1387,1797
1387,1715
1387,1912
1387,1740
1387,1503
1387,1661
1387,1452
1387,1985
1387,1858
1387,1609
1387,1631
1388,1644
1388,1556
1388,1539
1388,1518
1388,1454
1388,1704
1388,1500
1388,1615
1389,1790
1389,1520
1389,1593
1389,1560
1389,1876
1389,1859
1389,1801
1389,1861
1389,1906
1390,1455
1390,1742
1390,1923
1390,1953
1390,1781
1390,1778
1390,1750
1390,1568
1391,1946
1391,1843
1391,1578
1391,1547
1391,1558
1391,1905
1391,1919
1391,1614
1391,1961
1391,1705
1391,1662
1391,1877
1392,1691
1392,1968
1392,1495
1392,1832
1392,1874
1392,1871
1392,1684
1392,1562
1392,1566
1393,1475
1393,1676
1393,1666
1393,1607
1393,1462
1393,1574
1393,1811
1393,1580
1393,1842
1393,1808
1393,1685
1393,1651
1394,1560
1394,1801
1394,1808
1394,1823
1394,1478
1395,1516
1395,1798
1395,1906
1395,1663
1395,1969
1395,1667
1395,1477
1395,1659
1395,1733
1395,1940
1396,1885
1396,1487
1396,1808
1396,1471
1396,1811
1396,1564
1396,1659
1396,1676
1397,1632
1397,1869
1397,1737
1397,1551
1397,1833
1397,1760
1397,1862
1397,1745
1397,1497
1398,1960
1398,1784
1398,1705
1398,1875
1399,1741
1399,1506
1399,1753
1399,1547
1399,1927
1399,1985
1399,1619
1399,1956
1399,1537
1400,1790
1400,1529
1400,1766
1401,1820
1401,1876
1401,1801
1401,1945
1401,1463
1401,1913
1401,1557
1402,1669
1402,1496
1402,1860
1402,1521
1403,1635
1403,1790
1403,1478
1403,1560
1403,1640
1403,1463
1403,1766
1403,1547
1404,1848
1404,1628
1404,1589
1404,1562
1404,1730
1404,1735
1405,1935
1405,1780
1405,1744
1405,1832
1405,1899
1405,1496
1405,1700
1406,1912
1406,1572
1406,1858
1406,1814
1406,1723
1406,1815
1406,1774
1406,1715
1406,1797
1407,1578
1407,1956
1407,1547
1408,1888
1408,1914
1408,1796
1408,1688
1409,1550
1409,1589
1409,1751
1409,1545
1409,1832
1409,1935
1410,1801
1410,1790
1410,1876
1410,1560
1410,1766
1410,1520
1411,1498
1411,1904
1411,1985
1411,1706
1411,1965
1411,1983
1411,1547
1411,1927
1411,1824
1412,1759
1412,1899
1412,1630
1412,1927
1412,1791
1412,1579
1412,1635
1412,1980
1413,1819
1413,1568
1413,1679
1413,1781
1413,1987
1413,1742
1413,1862
1413,1912
1413,1715
1413,1893
1413,1497
1413,1559
1413,1953
1414,1547
1414,1899
1414,1488
1414,1888
1414,1737
1414,1830
1414,1478
1414,1760
1414,1623
1415,1595
1415,1772
1415,1885
1415,1525
1415,1448
1415,1733
1415,1630
1415,1501
1415,1787
1415,1598
1416,1457
1416,1934
1416,1733
1416,1610
1416,1699
1416,1631
1416,1468
1416,1689
1416,1732
1416,1932
1416,1471
1416,1982
1417,1731
1417,1920
1417,1723
1417,1496
1417,1549
1417,1520
1417,1815
1417,1984
1417,1518
1417,1790
1417,1545
1417,1710
1417,1560
1417,1522
1417,1754
1418,1885
1418,1678
1418,1727
1418,1894
1418,1970
1418,1589
1418,1959
1419,1478
1419,1741
1419,1529
1419,1888
1419,1662
1419,1830
1419,1497
1419,1985
1419,1927
1419,1956
1420,1859
1420,1585
1420,1593
1420,1798
1420,1603
1420,1612
1421,1567
1421,1737
1421,1866
1421,1969
1421,1659
1421,1652
1421,1914
1421,1543
1421,1993
1421,1816
1421,1513
1421,1862
1422,1919
1422,1911
1422,1678
1422,1773
1422,1600
1422,1930
1423,1800
1423,1878
1423,1519
1423,1473
1423,1697
1423,1587
1423,1451
1423,1537
1423,1534
1423,1762
1423,1491
1424,1727
1424,1564
1424,1553
1424,1614
1424,1610
1424,1783
1424,1829
1424,1471
1425,1585
1425,1535
1425,1821
1425,1498
1425,1487
1426,1958
1426,1535
1426,1826
1426,1884
1426,1972
1426,1825
1426,1910
1426,1782
1426,1499
1426,1482
1426,1706
1427,1511
1427,1795
1427,1731
1427,1723
1427,1641
1427,1792
1427,1940
1427,1633
1428,1550
1428,1732
1428,1970
1428,1628
1428,1848
1429,1780
1429,1823
1429,1923
1429,1514
1429,1684
1429,1968
1429,1495
1429,1566
1429,1967
1429,1744
1429,1793
1429,1874
1429,1750
1430,1902
1430,1806
1430,1517
1430,1555
1430,1456
1430,1899
1430,1480
1430,1889
1431,1627
1431,1798
1431,1635
1431,1593
1431,1579
1431,1660
1431,1991
1432,1901
1432,1917
1432,1740
1433,1806
1433,1655
1433,1805
1433,1555
1434,1764
1434,1629
1434,1664
1434,1715
1434,1893
1434,1858
1434,1660
1435,1954
1435,1913
1435,1465
1436,1735
1436,1801
1436,1723
1436,1876
1436,1560
1436,1520
1437,1585
1437,1603
1437,1612
1437,1880
1437,1516
1437,1518
1437,1593
1437,1644
1438,1781
1438,1780
1438,1455
1438,1814
1438,1723
1438,1987
1438,1815
1438,1647
1438,1568
1438,1729
1439,1858
1439,1780
1439,1579
1439,1887
1440,1455
1440,1808
47,1442
1364,1446
611,1449
1083,1492
950,1554
1023,1569
820,1576
506,1582
539,1584
296,1591
977,1634
118,1643
1367,1645
1105,1717
812,1724
230,1747
32,1755
235,1761
910,1777
28,1803
454,1849
477,1864
311,1865
910,1891
95,1898
563,1931
580,1938
442,1950
481,1989
266,1992
