indice,nome
0,cliente_0000
1,cliente_0001
2,cliente_0002
3,cliente_0003
4,cliente_0004
5,cliente_0005
6,cliente_0006
7,cliente_0007
8,cliente_0008
9,cliente_0009
10,cliente_0010
11,cliente_0011
12,cliente_0012
13,cliente_0013
14,cliente_0014
15,cliente_0015
16,cliente_0016
17,cliente_0017
18,cliente_0018
19,cliente_0019
20,cliente_0020
21,cliente_0021
22,cliente_0022
23,cliente_0023
24,cliente_0024
25,cliente_0025
26,cliente_0026
27,cliente_0027
28,cliente_0028
29,cliente_0029
30,cliente_0030
31,cliente_0031
32,cliente_0032
33,cliente_0033
34,cliente_0034
35,cliente_0035
36,cliente_0036
37,cliente_0037
38,cliente_0038
39,cliente_0039
40,cliente_0040
41,cliente_0041
42,cliente_0042
43,cliente_0043
44,cliente_0044
45,cliente_0045
46,cliente_0046
47,cliente_0047
48,cliente_0048
49,cliente_0049
50,cliente_0050
51,cliente_0051
52,cliente_0052
53,cliente_0053
54,cliente_0054
55,cliente_0055
56,cliente_0056
57,cliente_0057
58,cliente_0058
59,cliente_0059
60,cliente_0060
61,cliente_0061
62,cliente_0062
63,cliente_0063
64,cliente_0064
65,cliente_0065
66,cliente_0066
67,cliente_0067
68,cliente_0068
69,cliente_0069
70,cliente_0070
71,cliente_0071
72,cliente_0072
73,cliente_0074
74,cliente_0075
75,cliente_0076
76,cliente_0077
77,cliente_0078
78,cliente_0079
79,cliente_0080
80,cliente_0081
81,cliente_0082
82,cliente_0083
83,cliente_0084
84,cliente_0085
85,cliente_0086
86,cliente_0087
87,cliente_0088
88,cliente_0089
89,cliente_0090
90,cliente_0091
91,cliente_0092
92,cliente_0093
93,cliente_0094
94,cliente_0095
95,cliente_0096
96,cliente_0097
97,cliente_0099
98,cliente_0100
99,cliente_0101
100,cliente_0102
101,cliente_0103
102,cliente_0104
103,cliente_0105
104,cliente_0107
105,cliente_0108
106,cliente_0109
107,cliente_0110
108,cliente_0111
109,cliente_0112
110,cliente_0113
111,cliente_0114
112,cliente_0115
113,cliente_0116
114,cliente_0117
115,cliente_0118
116,cliente_0119
117,cliente_0120
118,cliente_0121
119,cliente_0122
120,cliente_0123
121,cliente_0124
122,cliente_0125
123,cliente_0126
124,cliente_0127
125,cliente_0128
126,cliente_0129
127,cliente_0130
128,cliente_0131
129,cliente_0132
130,cliente_0133
131,cliente_0134
132,cliente_0135
133,cliente_0136
134,cliente_0137
135,cliente_0138
136,cliente_0139
137,cliente_0140
138,cliente_0141
139,cliente_0142
140,cliente_0143
141,cliente_0144
142,cliente_0145
143,cliente_0146
144,cliente_0147
145,cliente_0148
146,cliente_0149
147,cliente_0150
148,cliente_0151
149,cliente_0152
150,cliente_0153
151,cliente_0154
152,cliente_0155
153,cliente_0156
154,cliente_0157
155,cliente_0158
156,cliente_0159
157,cliente_0160
158,cliente_0161
159,cliente_0162
160,cliente_0163
161,cliente_0164
162,cliente_0165
163,cliente_0166
164,cliente_0167
165,cliente_0168
166,cliente_0169
167,cliente_0170
168,cliente_0171
169,cliente_0172
170,cliente_0173
171,cliente_0174
172,cliente_0175
173,cliente_0176
174,cliente_0177
175,cliente_0178
176,cliente_0179
177,cliente_0180
178,cliente_0181
179,cliente_0182
180,cliente_0183
181,cliente_0184
182,cliente_0185
183,cliente_0186
184,cliente_0187
185,cliente_0188
186,cliente_0189
187,cliente_0190
188,cliente_0191
189,cliente_0192
190,cliente_0194
191,cliente_0195
192,cliente_0196
193,cliente_0197
194,cliente_0198
195,cliente_0199
196,cliente_0200
197,cliente_0201
198,cliente_0202
199,cliente_0203
200,cliente_0204
201,cliente_0205
202,cliente_0206
203,cliente_0207
204,cliente_0208
205,cliente_0209
206,cliente_0211
207,cliente_0212
208,cliente_0213
209,cliente_0214
210,cliente_0215
211,cliente_0216
212,cliente_0217
213,cliente_0218
214,cliente_0219
215,cliente_0220
216,cliente_0221
217,cliente_0222
218,cliente_0223
219,cliente_0224
220,cliente_0225
221,cliente_0226
222,cliente_0227
223,cliente_0228
224,cliente_0229
225,cliente_0230
226,cliente_0231
227,cliente_0232
228,cliente_0233
229,cliente_0234
230,cliente_0235
231,cliente_0236
232,cliente_0237
233,cliente_0238
234,cliente_0239
235,cliente_0240
236,cliente_0241
237,cliente_0242
238,cliente_0243
239,cliente_0244
240,cliente_0245
241,cliente_0246
242,cliente_0248
243,cliente_0250
244,cliente_0251
245,cliente_0252
246,cliente_0253
247,cliente_0254
248,cliente_0256
249,cliente_0257
250,cliente_0258
251,cliente_0259
252,cliente_0260
253,cliente_0261
254,cliente_0262
255,cliente_0263
256,cliente_0264
257,cliente_0265
258,cliente_0266
259,cliente_0267
260,cliente_0269
261,cliente_0270
262,cliente_0271
263,cliente_0272
264,cliente_0273
265,cliente_0274
266,cliente_0275
267,cliente_0276
268,cliente_0277
269,cliente_0278
270,cliente_0279
271,cliente_0280
272,cliente_0281
273,cliente_0282
274,cliente_0283
275,cliente_0284
276,cliente_0285
277,cliente_0286
278,cliente_0287
279,cliente_0288
280,cliente_0289
281,cliente_0290
282,cliente_0291
283,cliente_0292
284,cliente_0293
285,cliente_0294
286,cliente_0295
287,cliente_0296
288,cliente_0297
289,cliente_0298
290,cliente_0299
291,cliente_0300
292,cliente_0301
293,cliente_0302
294,cliente_0303
295,cliente_0304
296,cliente_0305
297,cliente_0306
298,cliente_0307
299,cliente_0308
300,cliente_0309
301,cliente_0310
302,cliente_0311
303,cliente_0312
304,cliente_0313
305,cliente_0315
306,cliente_0316
307,cliente_0317
308,cliente_0318
309,cliente_0319
310,cliente_0320
311,cliente_0321
312,cliente_0322
313,cliente_0324
314,cliente_0325
315,cliente_0326
316,cliente_0327
317,cliente_0328
318,cliente_0330
319,cliente_0331
320,cliente_0332
321,cliente_0333
322,cliente_0334
323,cliente_0335
324,cliente_0336
325,cliente_0337
326,cliente_0338
327,cliente_0339
328,cliente_0340
329,cliente_0341
330,cliente_0342
331,cliente_0343
332,cliente_0344
333,cliente_0345
334,cliente_0346
335,cliente_0347
336,cliente_0348
337,cliente_0349
338,cliente_0350
339,cliente_0351
340,cliente_0352
341,cliente_0353
342,cliente_0354
343,cliente_0355
344,cliente_0356
345,cliente_0357
346,cliente_0358
347,cliente_0359
348,cliente_0360
349,cliente_0361
350,cliente_0362
351,cliente_0363
352,cliente_0364
353,cliente_0365
354,cliente_0366
355,cliente_0367
356,cliente_0368
357,cliente_0369
358,cliente_0370
359,cliente_0371
360,cliente_0372
361,cliente_0373
362,cliente_0374
363,cliente_0375
364,cliente_0377
365,cliente_0378
366,cliente_0379
367,cliente_0380
368,cliente_0381
369,cliente_0382
370,cliente_0383
371,cliente_0384
372,cliente_0385
373,cliente_0386
374,cliente_0387
375,cliente_0389
376,cliente_0390
377,cliente_0391
378,cliente_0392
379,cliente_0393
380,cliente_0394
381,cliente_0395
382,cliente_0396
383,cliente_0397
384,cliente_0398
385,cliente_0399
386,cliente_0400
387,cliente_0401
388,cliente_0402
389,cliente_0403
390,cliente_0404
391,cliente_0405
392,cliente_0406
393,cliente_0407
394,cliente_0408
395,cliente_0409
396,cliente_0410
397,cliente_0411
398,cliente_0412
399,cliente_0413
400,cliente_0415
401,cliente_0416
402,cliente_0417
403,cliente_0418
404,cliente_0419
405,cliente_0420
406,cliente_0421
407,cliente_0422
408,cliente_0423
409,cliente_0424
410,cliente_0425
411,cliente_0426
412,cliente_0427
413,cliente_0428
414,cliente_0429
415,cliente_0430
416,cliente_0431
417,cliente_0432
418,cliente_0433
419,cliente_0434
420,cliente_0435
421,cliente_0436
422,cliente_0437
423,cliente_0438
424,cliente_0439
425,cliente_0440
426,cliente_0441
427,cliente_0442
428,cliente_0443
429,cliente_0445
430,cliente_0446
431,cliente_0447
432,cliente_0448
433,cliente_0449
434,cliente_0451
435,cliente_0452
436,cliente_0453
437,cliente_0454
438,cliente_0455
439,cliente_0456
440,cliente_0457
441,cliente_0458
442,cliente_0459
443,cliente_0460
444,cliente_0461
445,cliente_0462
446,cliente_0463
447,cliente_0464
448,cliente_0465
449,cliente_0467
450,cliente_0468
451,cliente_0469
452,cliente_0470
453,cliente_0471
454,cliente_0472
455,cliente_0473
456,cliente_0474
457,cliente_0475
458,cliente_0476
459,cliente_0477
460,cliente_0478
461,cliente_0479
462,cliente_0480
463,cliente_0481
464,cliente_0482
465,cliente_0483
466,cliente_0484
467,cliente_0485
468,cliente_0486
469,cliente_0487
470,cliente_0488
471,cliente_0489
472,cliente_0490
473,cliente_0491
474,cliente_0492
475,cliente_0494
476,cliente_0495
477,cliente_0496
478,cliente_0497
479,cliente_0498
480,cliente_0499
481,cliente_0500
482,cliente_0501
483,cliente_0502
484,cliente_0503
485,cliente_0505
486,cliente_0506
487,cliente_0507
488,cliente_0508
489,cliente_0509
490,cliente_0510
491,cliente_0511
492,cliente_0512
493,cliente_0513
494,cliente_0514
495,cliente_0515
496,cliente_0516
497,cliente_0517
498,cliente_0518
499,cliente_0519
500,cliente_0520
501,cliente_0521
502,cliente_0522
503,cliente_0523
504,cliente_0524
505,cliente_0525
506,cliente_0526
507,cliente_0527
508,cliente_0528
509,cliente_0529
510,cliente_0530
511,cliente_0531
512,cliente_0532
513,cliente_0533
514,cliente_0534
515,cliente_0535
516,cliente_0536
517,cliente_0537
518,cliente_0538
519,cliente_0539
520,cliente_0540
521,cliente_0541
522,cliente_0542
523,cliente_0543
524,cliente_0544
525,cliente_0545
526,cliente_0546
527,cliente_0547
528,cliente_0548
529,cliente_0549
530,cliente_0550
531,cliente_0551
532,cliente_0552
533,cliente_0553
534,cliente_0554
535,cliente_0555
536,cliente_0556
537,cliente_0557
538,cliente_0558
539,cliente_0559
540,cliente_0560
541,cliente_0561
542,cliente_0562
543,cliente_0563
544,cliente_0564
545,cliente_0565
546,cliente_0566
547,cliente_0567
548,cliente_0568
549,cliente_0569
550,cliente_0571
551,cliente_0572
552,cliente_0573
553,cliente_0574
554,cliente_0575
555,cliente_0576
556,cliente_0577
557,cliente_0578
558,cliente_0579
559,cliente_0580
560,cliente_0581
561,cliente_0582
562,cliente_0583
563,cliente_0584
564,cliente_0585
565,cliente_0586
566,cliente_0587
567,cliente_0588
568,cliente_0589
569,cliente_0590
570,cliente_0591
571,cliente_0592
572,cliente_0593
573,cliente_0594
574,cliente_0595
575,cliente_0596
576,cliente_0597
577,cliente_0598
578,cliente_0599
579,cliente_0600
580,cliente_0601
581,cliente_0602
582,cliente_0603
583,cliente_0604
584,cliente_0605
585,cliente_0606
586,cliente_0607
587,cliente_0609
588,cliente_0610
589,cliente_0611
590,cliente_0612
591,cliente_0613
592,cliente_0614
593,cliente_0615
594,cliente_0616
595,cliente_0617
596,cliente_0618
597,cliente_0619
598,cliente_0620
599,cliente_0623
600,cliente_0624
601,cliente_0625
602,cliente_0626
603,cliente_0627
604,cliente_0628
605,cliente_0629
606,cliente_0630
607,cliente_0631
608,cliente_0632
609,cliente_0634
610,cliente_0635
611,cliente_0636
612,cliente_0637
613,cliente_0638
614,cliente_0639
615,cliente_0640
616,cliente_0641
617,cliente_0642
618,cliente_0643
619,cliente_0644
620,cliente_0645
621,cliente_0646
622,cliente_0647
623,cliente_0648
624,cliente_0649
625,cliente_0650
626,cliente_0651
627,cliente_0653
628,cliente_0654
629,cliente_0655
630,cliente_0656
631,cliente_0657
632,cliente_0658
633,cliente_0660
634,cliente_0661
635,cliente_0662
636,cliente_0663
637,cliente_0664
638,cliente_0665
639,cliente_0666
640,cliente_0667
641,cliente_0668
642,cliente_0669
643,cliente_0670
644,cliente_0671
645,cliente_0673
646,cliente_0674
647,cliente_0675
648,cliente_0676
649,cliente_0677
650,cliente_0678
651,cliente_0679
652,cliente_0680
653,cliente_0681
654,cliente_0682
655,cliente_0683
656,cliente_0684
657,cliente_0685
658,cliente_0686
659,cliente_0687
660,cliente_0688
661,cliente_0689
662,cliente_0690
663,cliente_0691
664,cliente_0692
665,cliente_0693
666,cliente_0694
667,cliente_0696
668,cliente_0697
669,cliente_0698
670,cliente_0699
671,cliente_0700
672,cliente_0701
673,cliente_0702
674,cliente_0703
675,cliente_0704
676,cliente_0705
677,cliente_0706
678,cliente_0707
679,cliente_0708
680,cliente_0710
681,cliente_0711
682,cliente_0713
683,cliente_0714
684,cliente_0715
685,cliente_0716
686,cliente_0717
687,cliente_0718
688,cliente_0719
689,cliente_0720
690,cliente_0721
691,cliente_0722
692,cliente_0723
693,cliente_0724
694,cliente_0725
695,cliente_0726
696,cliente_0727
697,cliente_0728
698,cliente_0729
699,cliente_0730
700,cliente_0731
701,cliente_0732
702,cliente_0733
703,cliente_0734
704,cliente_0735
705,cliente_0736
706,cliente_0737
707,cliente_0739
708,cliente_0740
709,cliente_0741
710,cliente_0742
711,cliente_0743
712,cliente_0744
713,cliente_0745
714,cliente_0746
715,cliente_0747
716,cliente_0748
717,cliente_0749
718,cliente_0750
719,cliente_0751
720,cliente_0752
721,cliente_0753
722,cliente_0754
723,cliente_0755
724,cliente_0756
725,cliente_0757
726,cliente_0758
727,cliente_0759
728,cliente_0760
729,cliente_0761
730,cliente_0762
731,cliente_0763
732,cliente_0764
733,cliente_0765
734,cliente_0766
735,cliente_0767
736,cliente_0768
737,cliente_0769
738,cliente_0770
739,cliente_0771
740,cliente_0772
741,cliente_0773
742,cliente_0774
743,cliente_0775
744,cliente_0776
745,cliente_0777
746,cliente_0778
747,cliente_0779
748,cliente_0780
749,cliente_0781
750,cliente_0782
751,cliente_0783
752,cliente_0784
753,cliente_0785
754,cliente_0786
755,cliente_0787
756,cliente_0788
757,cliente_0789
758,cliente_0790
759,cliente_0791
760,cliente_0792
761,cliente_0793
762,cliente_0794
763,cliente_0795
764,cliente_0796
765,cliente_0797
766,cliente_0798
767,cliente_0799
768,cliente_0800
769,cliente_0801
770,cliente_0802
771,cliente_0803
772,cliente_0804
773,cliente_0805
774,cliente_0806
775,cliente_0807
776,cliente_0808
777,cliente_0809
778,cliente_0810
779,cliente_0812
780,cliente_0813
781,cliente_0814
782,cliente_0815
783,cliente_0816
784,cliente_0817
785,cliente_0818
786,cliente_0820
787,cliente_0821
788,cliente_0822
789,cliente_0823
790,cliente_0824
791,cliente_0825
792,cliente_0826
793,cliente_0827
794,cliente_0828
795,cliente_0829
796,cliente_0830
797,cliente_0831
798,cliente_0832
799,cliente_0833
800,cliente_0834
801,cliente_0835
802,cliente_0836
803,cliente_0838
804,cliente_0839
805,cliente_0840
806,cliente_0841
807,cliente_0843
808,cliente_0844
809,cliente_0845
810,cliente_0846
811,cliente_0847
812,cliente_0848
813,cliente_0849
814,cliente_0850
815,cliente_0851
816,cliente_0852
817,cliente_0853
818,cliente_0854
819,cliente_0855
820,cliente_0856
821,cliente_0857
822,cliente_0858
823,cliente_0859
824,cliente_0860
825,cliente_0862
826,cliente_0863
827,cliente_0864
828,cliente_0865
829,cliente_0866
830,cliente_0867
831,cliente_0868
832,cliente_0869
833,cliente_0870
834,cliente_0871
835,cliente_0872
836,cliente_0873
837,cliente_0874
838,cliente_0875
839,cliente_0876
840,cliente_0877
841,cliente_0878
842,cliente_0879
843,cliente_0880
844,cliente_0881
845,cliente_0882
846,cliente_0883
847,cliente_0884
848,cliente_0885
849,cliente_0886
850,cliente_0887
851,cliente_0888
852,cliente_0889
853,cliente_0890
854,cliente_0891
855,cliente_0892
856,cliente_0893
857,cliente_0894
858,cliente_0895
859,cliente_0896
860,cliente_0897
861,cliente_0898
862,cliente_0899
863,cliente_0900
864,cliente_0901
865,cliente_0903
866,cliente_0904
867,cliente_0905
868,cliente_0906
869,cliente_0907
870,cliente_0908
871,cliente_0909
872,cliente_0910
873,cliente_0911
874,cliente_0912
875,cliente_0913
876,cliente_0914
877,cliente_0915
878,cliente_0916
879,cliente_0917
880,cliente_0918
881,cliente_0919
882,cliente_0920
883,cliente_0921
884,cliente_0922
885,cliente_0923
886,cliente_0924
887,cliente_0925
888,cliente_0926
889,cliente_0927
890,cliente_0928
891,cliente_0929
892,cliente_0930
893,cliente_0931
894,cliente_0932
895,cliente_0933
896,cliente_0934
897,cliente_0935
898,cliente_0936
899,cliente_0937
900,cliente_0938
901,cliente_0939
902,cliente_0940
903,cliente_0941
904,cliente_0942
905,cliente_0943
906,cliente_0944
907,cliente_0945
908,cliente_0946
909,cliente_0947
910,cliente_0948
911,cliente_0949
912,cliente_0950
913,cliente_0951
914,cliente_0952
915,cliente_0953
916,cliente_0954
917,cliente_0955
918,cliente_0956
919,cliente_0957
920,cliente_0958
921,cliente_0959
922,cliente_0960
923,cliente_0961
924,cliente_0962
925,cliente_0963
926,cliente_0965
927,cliente_0966
928,cliente_0967
929,cliente_0968
930,cliente_0969
931,cliente_0970
932,cliente_0971
933,cliente_0972
934,cliente_0973
935,cliente_0974
936,cliente_0975
937,cliente_0976
938,cliente_0977
939,cliente_0978
940,cliente_0979
941,cliente_0980
942,cliente_0981
943,cliente_0982
944,cliente_0983
945,cliente_0984
946,cliente_0985
947,cliente_0987
948,cliente_0988
949,cliente_0989
950,cliente_0990
951,cliente_0992
952,cliente_0993
953,cliente_0994
954,cliente_0995
955,cliente_0996
956,cliente_0997
957,cliente_0998
958,cliente_0999
959,cliente_1000
960,cliente_1001
961,cliente_1002
962,cliente_1003
963,cliente_1004
964,cliente_1005
965,cliente_1006
966,cliente_1007
967,cliente_1009
968,cliente_1010
969,cliente_1011
970,cliente_1012
971,cliente_1013
972,cliente_1014
973,cliente_1015
974,cliente_1016
975,cliente_1017
976,cliente_1018
977,cliente_1019
978,cliente_1020
979,cliente_1021
980,cliente_1022
981,cliente_1023
982,cliente_1024
983,cliente_1025
984,cliente_1026
985,cliente_1027
986,cliente_1028
987,cliente_1029
988,cliente_1030
989,cliente_1032
990,cliente_1033
991,cliente_1034
992,cliente_1035
993,cliente_1036
994,cliente_1037
995,cliente_1038
996,cliente_1039
997,cliente_1040
998,cliente_1042
999,cliente_1044
1000,cliente_1045
1001,cliente_1046
1002,cliente_1047
1003,cliente_1048
1004,cliente_1049
1005,cliente_1050
1006,cliente_1051
1007,cliente_1052
1008,cliente_1053
1009,cliente_1054
1010,cliente_1055
1011,cliente_1056
1012,cliente_1057
1013,cliente_1058
1014,cliente_1059
1015,cliente_1060
1016,cliente_1061
1017,cliente_1062
1018,cliente_1063
1019,cliente_1064
1020,cliente_1065
1021,cliente_1066
1022,cliente_1067
1023,cliente_1068
1024,cliente_1069
1025,cliente_1070
1026,cliente_1071
1027,cliente_1072
1028,cliente_1073
1029,cliente_1074
1030,cliente_1075
1031,cliente_1076
1032,cliente_1077
1033,cliente_1078
1034,cliente_1079
1035,cliente_1081
1036,cliente_1082
1037,cliente_1083
1038,cliente_1084
1039,cliente_1085
1040,cliente_1086
1041,cliente_1087
1042,cliente_1088
1043,cliente_1089
1044,cliente_1090
1045,cliente_1091
1046,cliente_1092
1047,cliente_1093
1048,cliente_1094
1049,cliente_1095
1050,cliente_1096
1051,cliente_1097
1052,cliente_1098
1053,cliente_1099
1054,cliente_1100
1055,cliente_1101
1056,cliente_1102
1057,cliente_1103
1058,cliente_1105
1059,cliente_1106
1060,cliente_1107
1061,cliente_1108
1062,cliente_1109
1063,cliente_1110
1064,cliente_1111
1065,cliente_1112
1066,cliente_1113
1067,cliente_1114
1068,cliente_1115
1069,cliente_1116
1070,cliente_1117
1071,cliente_1118
1072,cliente_1119
1073,cliente_1120
1074,cliente_1121
1075,cliente_1122
1076,cliente_1123
1077,cliente_1124
1078,cliente_1125
1079,cliente_1126
1080,cliente_1127
1081,cliente_1128
1082,cliente_1129
1083,cliente_1130
1084,cliente_1131
1085,cliente_1132
1086,cliente_1133
1087,cliente_1134
1088,cliente_1135
1089,cliente_1136
1090,cliente_1137
1091,cliente_1138
1092,cliente_1139
1093,cliente_1140
1094,cliente_1141
1095,cliente_1142
1096,cliente_1143
1097,cliente_1144
1098,cliente_1145
1099,cliente_1146
1100,cliente_1147
1101,cliente_1148
1102,cliente_1149
1103,cliente_1150
1104,cliente_1151
1105,cliente_1152
1106,cliente_1153
1107,cliente_1154
1108,cliente_1155
1109,cliente_1156
1110,cliente_1157
1111,cliente_1158
1112,cliente_1159
1113,cliente_1160
1114,cliente_1161
1115,cliente_1162
1116,cliente_1163
1117,cliente_1164
1118,cliente_1165
1119,cliente_1166
1120,cliente_1167
1121,cliente_1168
1122,cliente_1169
1123,cliente_1170
1124,cliente_1171
1125,cliente_1172
1126,cliente_1173
1127,cliente_1175
1128,cliente_1176
1129,cliente_1177
1130,cliente_1178
1131,cliente_1179
1132,cliente_1180
1133,cliente_1181
1134,cliente_1182
1135,cliente_1183
1136,cliente_1184
1137,cliente_1185
1138,cliente_1186
1139,cliente_1187
1140,cliente_1188
1141,cliente_1189
1142,cliente_1190
1143,cliente_1191
1144,cliente_1192
1145,cliente_1193
1146,cliente_1194
1147,cliente_1195
1148,cliente_1196
1149,cliente_1197
1150,cliente_1198
1151,cliente_1199
1152,cliente_1200
1153,cliente_1201
1154,cliente_1202
1155,cliente_1203
1156,cliente_1204
1157,cliente_1205
1158,cliente_1207
1159,cliente_1208
1160,cliente_1209
1161,cliente_1210
1162,cliente_1211
1163,cliente_1212
1164,cliente_1213
1165,cliente_1214
1166,cliente_1215
1167,cliente_1216
1168,cliente_1217
1169,cliente_1218
1170,cliente_1219
1171,cliente_1220
1172,cliente_1221
1173,cliente_1222
1174,cliente_1223
1175,cliente_1224
1176,cliente_1225
1177,cliente_1226
1178,cliente_1227
1179,cliente_1228
1180,cliente_1229
1181,cliente_1230
1182,cliente_1231
1183,cliente_1232
1184,cliente_1233
1185,cliente_1234
1186,cliente_1235
1187,cliente_1236
1188,cliente_1237
1189,cliente_1238
1190,cliente_1239
1191,cliente_1240
1192,cliente_1241
1193,cliente_1242
1194,cliente_1243
1195,cliente_1244
1196,cliente_1245
1197,cliente_1246
1198,cliente_1247
1199,cliente_1248
1200,cliente_1250
1201,cliente_1251
1202,cliente_1252
1203,cliente_1253
1204,cliente_1254
1205,cliente_1256
1206,cliente_1257
1207,cliente_1258
1208,cliente_1259
1209,cliente_1260
1210,cliente_1261
1211,cliente_1262
1212,cliente_1263
1213,cliente_1264
1214,cliente_1265
1215,cliente_1266
1216,cliente_1267
1217,cliente_1268
1218,cliente_1269
1219,cliente_1270
1220,cliente_1271
1221,cliente_1272
1222,cliente_1273
1223,cliente_1274
1224,cliente_1275
1225,cliente_1276
1226,cliente_1277
1227,cliente_1278
1228,cliente_1279
1229,cliente_1280
1230,cliente_1281
1231,cliente_1282
1232,cliente_1283
1233,cliente_1284
1234,cliente_1285
1235,cliente_1286
1236,cliente_1287
1237,cliente_1288
1238,cliente_1289
1239,cliente_1290
1240,cliente_1291
1241,cliente_1292
1242,cliente_1293
1243,cliente_1294
1244,cliente_1295
1245,cliente_1296
1246,cliente_1297
1247,cliente_1298
1248,cliente_1299
1249,cliente_1300
1250,cliente_1301
1251,cliente_1302
1252,cliente_1303
1253,cliente_1304
1254,cliente_1305
1255,cliente_1306
1256,cliente_1307
1257,cliente_1308
1258,cliente_1309
1259,cliente_1310
1260,cliente_1311
1261,cliente_1312
1262,cliente_1313
1263,cliente_1314
1264,cliente_1315
1265,cliente_1317
1266,cliente_1319
1267,cliente_1320
1268,cliente_1321
1269,cliente_1322
1270,cliente_1323
1271,cliente_1324
1272,cliente_1325
1273,cliente_1326
1274,cliente_1327
1275,cliente_1328
1276,cliente_1329
1277,cliente_1330
1278,cliente_1331
1279,cliente_1332
1280,cliente_1333
1281,cliente_1334
1282,cliente_1335
1283,cliente_1336
1284,cliente_1337
1285,cliente_1338
1286,cliente_1339
1287,cliente_1340
1288,cliente_1342
1289,cliente_1343
1290,cliente_1344
1291,cliente_1345
1292,cliente_1346
1293,cliente_1347
1294,cliente_1348
1295,cliente_1349
1296,cliente_1350
1297,cliente_1351
1298,cliente_1352
1299,cliente_1353
1300,cliente_1354
1301,cliente_1355
1302,cliente_1357
1303,cliente_1358
1304,cliente_1359
1305,cliente_1360
1306,cliente_1361
1307,cliente_1363
1308,cliente_1364
1309,cliente_1365
1310,cliente_1366
1311,cliente_1367
1312,cliente_1368
1313,cliente_1369
1314,cliente_1370
1315,cliente_1371
1316,cliente_1372
1317,cliente_1373
1318,cliente_1374
1319,cliente_1375
1320,cliente_1376
1321,cliente_1377
1322,cliente_1378
1323,cliente_1379
1324,cliente_1380
1325,cliente_1381
1326,cliente_1382
1327,cliente_1383
1328,cliente_1384
1329,cliente_1385
1330,cliente_1386
1331,cliente_1387
1332,cliente_1388
1333,cliente_1389
1334,cliente_1390
1335,cliente_1391
1336,cliente_1392
1337,cliente_1393
1338,cliente_1394
1339,cliente_1395
1340,cliente_1396
1341,cliente_1397
1342,cliente_1398
1343,cliente_1399
1344,cliente_1400
1345,cliente_1401
1346,cliente_1402
1347,cliente_1403
1348,cliente_1405
1349,cliente_1406
1350,cliente_1407
1351,cliente_1408
1352,cliente_1409
1353,cliente_1410
1354,cliente_1411
1355,cliente_1412
1356,cliente_1413
1357,cliente_1414
1358,cliente_1415
1359,cliente_1416
1360,cliente_1417
1361,cliente_1418
1362,cliente_1419
1363,cliente_1420
1364,cliente_1421
1365,cliente_1422
1366,cliente_1423
1367,cliente_1424
1368,cliente_1425
1369,cliente_1426
1370,cliente_1427
1371,cliente_1428
1372,cliente_1429
1373,cliente_1430
1374,cliente_1432
1375,cliente_1433
1376,cliente_1434
1377,cliente_1435
1378,cliente_1436
1379,cliente_1437
1380,cliente_1438
1381,cliente_1439
1382,cliente_1440
1383,cliente_1441
1384,cliente_1442
1385,cliente_1443
1386,cliente_1444
1387,cliente_1445
1388,cliente_1446
1389,cliente_1447
1390,cliente_1448
1391,cliente_1449
1392,cliente_1450
1393,cliente_1451
1394,cliente_1452
1395,cliente_1454
1396,cliente_1455
1397,cliente_1456
1398,cliente_1457
1399,cliente_1458
1400,cliente_1459
1401,cliente_1460
1402,cliente_1461
1403,cliente_1462
1404,cliente_1463
1405,cliente_1464
1406,cliente_1465
1407,cliente_1466
1408,cliente_1467
1409,cliente_1468
1410,cliente_1469
1411,cliente_1470
1412,cliente_1471
1413,cliente_1472
1414,cliente_1473
1415,cliente_1474
1416,cliente_1475
1417,cliente_1476
1418,cliente_1477
1419,cliente_1478
1420,cliente_1479
1421,cliente_1480
1422,cliente_1481
1423,cliente_1482
1424,cliente_1483
1425,cliente_1484
1426,cliente_1485
1427,cliente_1486
1428,cliente_1487
1429,cliente_1488
1430,cliente_1489
1431,cliente_1490
1432,cliente_1491
1433,cliente_1492
1434,cliente_1493
1435,cliente_1494
1436,cliente_1495
1437,cliente_1496
1438,cliente_1497
1439,cliente_1498
1440,cliente_1499
