vertice,tipo,rotulo,distancia,saltos
0,usuario,0,3,1
1,usuario,0,3,1
2,usuario,0,3,1
3,usuario,0,1,0
4,usuario,0,3,1
5,usuario,0,1,0
6,usuario,0,3,1
7,usuario,0,3,1
8,usuario,0,3,1
9,usuario,0,3,1
10,usuario,0,3,1
11,usuario,0,3,1
12,usuario,0,3,1
13,usuario,0,3,1
14,usuario,0,3,1
15,usuario,0,3,1
16,usuario,0,3,1
17,usuario,0,3,1
18,usuario,0,3,1
19,usuario,0,3,1
20,usuario,0,3,1
21,usuario,0,3,1
22,usuario,0,3,1
23,usuario,0,3,1
24,usuario,0,3,1
25,usuario,0,3,1
26,usuario,0,3,1
27,usuario,0,3,1
28,usuario,0,5,2
29,usuario,0,3,1
30,usuario,0,3,1
31,usuario,0,1,0
32,usuario,0,3,1
33,usuario,0,3,1
34,usuario,0,3,1
35,usuario,0,3,1
36,usuario,0,3,1
37,usuario,0,3,1
38,usuario,0,3,1
39,usuario,0,3,1
40,usuario,0,3,1
41,usuario,0,3,1
42,usuario,0,3,1
43,usuario,0,3,1
44,usuario,0,3,1
45,usuario,0,3,1
46,usuario,0,3,1
47,usuario,0,3,1
48,usuario,0,3,1
49,usuario,0,5,2
50,usuario,0,3,1
51,usuario,0,3,1
52,usuario,0,3,1
53,usuario,0,3,1
54,usuario,0,3,1
55,usuario,0,3,1
56,usuario,0,3,1
57,usuario,0,3,1
58,usuario,0,3,1
59,usuario,0,3,1
60,usuario,0,3,1
61,usuario,0,3,1
62,usuario,0,3,1
63,usuario,0,3,1
64,usuario,0,3,1
65,usuario,0,3,1
66,usuario,0,3,1
67,usuario,0,3,1
68,usuario,0,3,1
69,usuario,0,3,1
70,usuario,0,3,1
71,usuario,0,3,1
72,usuario,0,3,1
73,usuario,0,3,1
74,usuario,0,3,1
75,usuario,0,3,1
76,usuario,0,3,1
77,usuario,0,3,1
78,usuario,0,3,1
79,usuario,0,3,1
80,usuario,0,1,0
81,usuario,0,3,1
82,usuario,0,3,1
83,usuario,0,3,1
84,usuario,0,1,0
85,usuario,0,3,1
86,usuario,0,3,1
87,usuario,0,3,1
88,usuario,0,3,1
89,usuario,0,3,1
90,usuario,0,1,0
91,usuario,0,3,1
92,usuario,0,3,1
93,usuario,0,3,1
94,usuario,0,3,1
95,usuario,0,3,1
96,usuario,0,3,1
97,usuario,0,3,1
98,usuario,0,3,1
99,usuario,0,3,1
100,usuario,0,3,1
101,usuario,0,3,1
102,usuario,0,3,1
103,usuario,0,3,1
104,usuario,0,3,1
105,usuario,0,3,1
106,usuario,0,3,1
107,usuario,0,3,1
108,usuario,0,3,1
109,usuario,0,3,1
110,usuario,0,3,1
111,usuario,0,3,1
112,usuario,0,3,1
113,usuario,0,3,1
114,usuario,0,3,1
115,usuario,0,3,1
116,usuario,0,3,1
117,usuario,0,3,1
118,usuario,0,3,1
119,usuario,0,3,1
120,usuario,0,3,1
121,usuario,0,3,1
122,usuario,0,3,1
123,usuario,0,3,1
124,usuario,0,3,1
125,usuario,0,3,1
126,usuario,0,3,1
127,usuario,0,3,1
128,usuario,0,3,1
129,usuario,0,1,0
130,usuario,0,3,1
131,usuario,0,3,1
132,usuario,0,3,1
133,usuario,0,3,1
134,usuario,0,3,1
135,usuario,0,3,1
136,usuario,0,3,1
137,usuario,0,3,1
138,usuario,0,3,1
139,usuario,0,5,2
140,usuario,0,3,1
141,usuario,0,3,1
142,usuario,0,3,1
143,usuario,0,3,1
144,usuario,0,3,1
145,usuario,0,3,1
146,usuario,0,3,1
147,usuario,0,3,1
148,usuario,0,3,1
149,usuario,0,3,1
150,usuario,0,3,1
151,usuario,0,3,1
152,usuario,0,1,0
153,usuario,0,3,1
154,usuario,0,3,1
155,usuario,0,3,1
156,usuario,0,1,0
157,usuario,0,3,1
158,usuario,0,3,1
159,usuario,0,3,1
160,usuario,0,3,1
161,usuario,0,3,1
162,usuario,0,5,2
163,usuario,0,3,1
164,usuario,0,3,1
165,usuario,0,3,1
166,usuario,0,3,1
167,usuario,0,3,1
168,usuario,0,3,1
169,usuario,0,3,1
170,usuario,0,1,0
171,usuario,0,3,1
172,usuario,0,3,1
173,usuario,0,3,1
174,usuario,0,3,1
175,usuario,0,3,1
176,usuario,0,3,1
177,usuario,0,3,1
178,usuario,0,1,0
179,usuario,0,3,1
180,usuario,0,1,0
181,usuario,0,3,1
182,usuario,0,3,1
183,usuario,0,3,1
184,usuario,0,3,1
185,usuario,0,3,1
186,usuario,0,3,1
187,usuario,0,3,1
188,usuario,0,3,1
189,usuario,0,3,1
190,usuario,0,3,1
191,usuario,0,3,1
192,usuario,0,3,1
193,usuario,0,3,1
194,usuario,0,3,1
195,usuario,0,3,1
196,usuario,0,3,1
197,usuario,0,3,1
198,usuario,0,3,1
199,usuario,0,3,1
200,usuario,0,3,1
201,usuario,0,3,1
202,usuario,0,3,1
203,usuario,0,3,1
204,usuario,0,3,1
205,usuario,0,3,1
206,usuario,0,3,1
207,usuario,0,3,1
208,usuario,0,3,1
209,usuario,0,3,1
210,usuario,0,3,1
211,usuario,0,3,1
212,usuario,0,3,1
213,usuario,0,3,1
214,usuario,0,3,1
215,usuario,0,3,1
216,usuario,0,3,1
217,usuario,0,3,1
218,usuario,0,3,1
219,usuario,0,3,1
220,usuario,0,3,1
221,usuario,0,3,1
222,usuario,0,3,1
223,usuario,0,3,1
224,usuario,0,3,1
225,usuario,0,5,2
226,usuario,0,3,1
227,usuario,0,3,1
228,usuario,0,3,1
229,usuario,0,3,1
230,usuario,0,3,1
231,usuario,0,3,1
232,usuario,0,3,1
233,usuario,0,3,1
234,usuario,0,3,1
235,usuario,0,3,1
236,usuario,0,3,1
237,usuario,0,3,1
238,usuario,0,3,1
239,usuario,0,1,0
240,usuario,0,3,1
241,usuario,0,3,1
242,usuario,0,3,1
243,usuario,0,3,1
244,usuario,0,3,1
245,usuario,0,3,1
246,usuario,0,1,0
247,usuario,0,3,1
248,usuario,0,3,1
249,usuario,0,3,1
250,usuario,0,3,1
251,usuario,0,3,1
252,usuario,0,3,1
253,usuario,0,3,1
254,usuario,0,3,1
255,usuario,0,3,1
256,usuario,0,3,1
257,usuario,0,1,0
258,usuario,0,3,1
259,usuario,0,3,1
260,usuario,0,3,1
261,usuario,0,3,1
262,usuario,0,3,1
263,usuario,0,3,1
264,usuario,0,1,0
265,usuario,0,5,2
266,usuario,0,3,1
267,usuario,0,3,1
268,usuario,0,3,1
269,usuario,0,1,0
270,usuario,0,3,1
271,usuario,0,3,1
272,usuario,0,3,1
273,usuario,0,3,1
274,usuario,0,3,1
275,usuario,0,3,1
276,usuario,0,3,1
277,usuario,0,3,1
278,usuario,0,3,1
279,usuario,0,3,1
280,usuario,0,3,1
281,usuario,0,3,1
282,usuario,0,3,1
283,usuario,0,3,1
284,usuario,0,3,1
285,usuario,0,3,1
286,usuario,0,3,1
287,usuario,0,3,1
288,usuario,0,3,1
289,usuario,0,3,1
290,usuario,0,3,1
291,usuario,0,3,1
292,usuario,0,3,1
293,usuario,0,3,1
294,usuario,0,3,1
295,usuario,0,3,1
296,usuario,0,3,1
297,usuario,0,3,1
298,usuario,0,3,1
299,usuario,0,3,1
300,usuario,0,1,0
301,usuario,0,3,1
302,usuario,0,3,1
303,usuario,0,3,1
304,usuario,0,3,1
305,usuario,0,3,1
306,usuario,0,3,1
307,usuario,0,3,1
308,usuario,0,3,1
309,usuario,0,3,1
310,usuario,0,1,0
311,usuario,0,3,1
312,usuario,0,3,1
313,usuario,0,3,1
314,usuario,0,3,1
315,usuario,0,3,1
316,usuario,0,3,1
317,usuario,0,3,1
318,usuario,0,3,1
319,usuario,0,1,0
320,usuario,0,3,1
321,usuario,0,3,1
322,usuario,0,3,1
323,usuario,0,3,1
324,usuario,0,3,1
325,usuario,0,3,1
326,usuario,0,3,1
327,usuario,0,3,1
328,usuario,0,3,1
329,usuario,0,3,1
330,usuario,0,3,1
331,usuario,0,5,2
332,usuario,0,3,1
333,usuario,0,3,1
334,usuario,0,3,1
335,usuario,0,3,1
336,usuario,0,3,1
337,usuario,0,3,1
338,usuario,0,3,1
339,usuario,0,5,2
340,usuario,0,3,1
341,usuario,0,3,1
342,usuario,0,3,1
343,usuario,0,3,1
344,usuario,0,3,1
345,usuario,0,3,1
346,usuario,0,3,1
347,usuario,0,3,1
348,usuario,0,3,1
349,usuario,0,3,1
350,usuario,0,3,1
351,usuario,0,3,1
352,usuario,0,3,1
353,usuario,0,3,1
354,usuario,0,3,1
355,usuario,0,3,1
356,usuario,0,3,1
357,usuario,0,3,1
358,usuario,0,3,1
359,usuario,0,3,1
360,usuario,0,3,1
361,usuario,0,3,1
362,usuario,0,3,1
363,usuario,0,3,1
364,usuario,0,3,1
365,usuario,0,3,1
366,usuario,0,1,0
367,usuario,0,3,1
368,usuario,0,3,1
369,usuario,0,3,1
370,usuario,0,3,1
371,usuario,0,3,1
372,usuario,0,3,1
373,usuario,0,3,1
374,usuario,0,3,1
375,usuario,0,3,1
376,usuario,0,3,1
377,usuario,0,3,1
378,usuario,0,3,1
379,usuario,0,3,1
380,usuario,0,3,1
381,usuario,0,3,1
382,usuario,0,3,1
383,usuario,0,3,1
384,usuario,0,3,1
385,usuario,0,3,1
386,usuario,0,3,1
387,usuario,0,3,1
388,usuario,0,3,1
389,usuario,0,3,1
390,usuario,0,3,1
391,usuario,0,3,1
392,usuario,0,3,1
393,usuario,0,3,1
394,usuario,0,3,1
395,usuario,0,3,1
396,usuario,0,1,0
397,usuario,0,3,1
398,usuario,0,3,1
399,usuario,0,3,1
400,usuario,0,3,1
401,usuario,0,3,1
402,usuario,0,3,1
403,usuario,0,3,1
404,usuario,0,3,1
405,usuario,0,3,1
406,usuario,0,3,1
407,usuario,0,3,1
408,usuario,0,3,1
409,usuario,0,3,1
410,usuario,0,3,1
411,usuario,0,3,1
412,usuario,0,3,1
413,usuario,0,3,1
414,usuario,0,3,1
415,usuario,0,3,1
416,usuario,0,3,1
417,usuario,0,3,1
418,usuario,0,3,1
419,usuario,0,3,1
420,usuario,0,3,1
421,usuario,0,3,1
422,usuario,0,3,1
423,usuario,0,3,1
424,usuario,0,3,1
425,usuario,0,3,1
426,usuario,0,3,1
427,usuario,0,3,1
428,usuario,0,3,1
429,usuario,0,3,1
430,usuario,0,3,1
431,usuario,0,3,1
432,usuario,0,3,1
433,usuario,0,3,1
434,usuario,0,3,1
435,usuario,0,3,1
436,usuario,0,3,1
437,usuario,0,3,1
438,usuario,0,3,1
439,usuario,0,3,1
440,usuario,0,3,1
441,usuario,0,3,1
442,usuario,0,3,1
443,usuario,0,3,1
444,usuario,0,3,1
445,usuario,0,3,1
446,usuario,0,3,1
447,usuario,0,3,1
448,usuario,0,3,1
449,usuario,0,3,1
450,usuario,0,3,1
451,usuario,0,3,1
452,usuario,0,3,1
453,usuario,0,3,1
454,usuario,0,3,1
455,usuario,0,3,1
456,usuario,0,3,1
457,usuario,0,3,1
458,usuario,0,3,1
459,usuario,0,3,1
460,usuario,0,3,1
461,usuario,0,1,0
462,usuario,0,3,1
463,usuario,0,3,1
464,usuario,0,3,1
465,usuario,0,3,1
466,usuario,0,3,1
467,usuario,0,3,1
468,usuario,0,3,1
469,usuario,0,3,1
470,usuario,0,3,1
471,usuario,0,3,1
472,usuario,0,3,1
473,usuario,0,3,1
474,usuario,0,3,1
475,usuario,0,3,1
476,usuario,0,3,1
477,usuario,0,3,1
478,usuario,0,3,1
479,usuario,0,3,1
480,usuario,0,3,1
481,usuario,0,3,1
482,usuario,0,3,1
483,usuario,0,3,1
484,usuario,0,3,1
485,usuario,0,3,1
486,usuario,0,3,1
487,usuario,0,3,1
488,usuario,0,3,1
489,usuario,0,3,1
490,usuario,0,3,1
491,usuario,0,3,1
492,usuario,0,3,1
493,usuario,0,3,1
494,usuario,0,3,1
495,usuario,0,3,1
496,usuario,0,3,1
497,usuario,0,3,1
498,usuario,0,3,1
499,usuario,0,3,1
500,usuario,0,3,1
501,usuario,0,3,1
502,usuario,0,3,1
503,usuario,0,1,0
504,usuario,0,3,1
505,usuario,0,3,1
506,usuario,0,1,0
507,usuario,0,3,1
508,usuario,0,3,1
509,usuario,0,1,0
510,usuario,0,3,1
511,usuario,0,3,1
512,usuario,0,3,1
513,usuario,0,3,1
514,usuario,0,3,1
515,usuario,0,3,1
516,usuario,0,3,1
517,usuario,0,3,1
518,usuario,0,3,1
519,usuario,0,3,1
520,usuario,0,3,1
521,usuario,0,3,1
522,usuario,0,3,1
523,usuario,0,3,1
524,usuario,0,3,1
525,usuario,0,3,1
526,usuario,0,3,1
527,usuario,0,3,1
528,usuario,0,3,1
529,usuario,0,3,1
530,usuario,0,3,1
531,usuario,0,3,1
532,usuario,0,3,1
533,usuario,0,3,1
534,usuario,0,3,1
535,usuario,0,3,1
536,usuario,0,3,1
537,usuario,0,1,0
538,usuario,0,3,1
539,usuario,0,1,0
540,usuario,0,3,1
541,usuario,0,3,1
542,usuario,0,3,1
543,usuario,0,3,1
544,usuario,0,3,1
545,usuario,0,3,1
546,usuario,0,3,1
547,usuario,0,3,1
548,usuario,0,3,1
549,usuario,0,3,1
550,usuario,0,1,0
551,usuario,0,3,1
552,usuario,0,3,1
553,usuario,0,3,1
554,usuario,0,3,1
555,usuario,0,3,1
556,usuario,0,3,1
557,usuario,0,3,1
558,usuario,0,3,1
559,usuario,0,3,1
560,usuario,0,3,1
561,usuario,0,3,1
562,usuario,0,3,1
563,usuario,0,3,1
564,usuario,0,3,1
565,usuario,0,3,1
566,usuario,0,3,1
567,usuario,0,3,1
568,usuario,0,3,1
569,usuario,0,1,0
570,usuario,0,3,1
571,usuario,0,3,1
572,usuario,0,3,1
573,usuario,0,3,1
574,usuario,0,5,2
575,usuario,0,3,1
576,usuario,0,3,1
577,usuario,0,3,1
578,usuario,0,3,1
579,usuario,0,3,1
580,usuario,0,3,1
581,usuario,0,1,0
582,usuario,0,3,1
583,usuario,0,3,1
584,usuario,0,3,1
585,usuario,0,3,1
586,usuario,0,3,1
587,usuario,0,3,1
588,usuario,0,3,1
589,usuario,0,3,1
590,usuario,0,3,1
591,usuario,0,3,1
592,usuario,0,3,1
593,usuario,0,3,1
594,usuario,0,3,1
595,usuario,0,3,1
596,usuario,0,3,1
597,usuario,0,3,1
598,usuario,0,3,1
599,usuario,0,3,1
600,usuario,0,3,1
601,usuario,0,3,1
602,usuario,0,3,1
603,usuario,0,3,1
604,usuario,0,3,1
605,usuario,0,3,1
606,usuario,0,5,2
607,usuario,0,3,1
608,usuario,0,3,1
609,usuario,0,3,1
610,usuario,0,3,1
611,usuario,0,3,1
612,usuario,0,3,1
613,usuario,0,3,1
614,usuario,0,3,1
615,usuario,0,3,1
616,usuario,0,3,1
617,usuario,0,3,1
618,usuario,0,3,1
619,usuario,0,3,1
620,usuario,0,3,1
621,usuario,0,3,1
622,usuario,0,3,1
623,usuario,0,3,1
624,usuario,0,3,1
625,usuario,0,3,1
626,usuario,0,3,1
627,usuario,0,3,1
628,usuario,0,3,1
629,usuario,0,1,0
630,usuario,0,3,1
631,usuario,0,3,1
632,usuario,0,3,1
633,usuario,0,3,1
634,usuario,0,3,1
635,usuario,0,3,1
636,usuario,0,3,1
637,usuario,0,3,1
638,usuario,0,3,1
639,usuario,0,1,0
640,usuario,0,3,1
641,usuario,0,3,1
642,usuario,0,3,1
643,usuario,0,3,1
644,usuario,0,1,0
645,usuario,0,3,1
646,usuario,0,3,1
647,usuario,0,3,1
648,usuario,0,3,1
649,usuario,0,3,1
650,usuario,0,3,1
651,usuario,0,3,1
652,usuario,0,3,1
653,usuario,0,3,1
654,usuario,0,3,1
655,usuario,0,3,1
656,usuario,0,3,1
657,usuario,0,3,1
658,usuario,0,3,1
659,usuario,0,3,1
660,usuario,0,3,1
661,usuario,0,3,1
662,usuario,0,3,1
663,usuario,0,3,1
664,usuario,0,3,1
665,usuario,0,3,1
666,usuario,0,3,1
667,usuario,0,3,1
668,usuario,0,3,1
669,usuario,0,3,1
670,usuario,0,3,1
671,usuario,0,3,1
672,usuario,0,3,1
673,usuario,0,3,1
674,usuario,0,3,1
675,usuario,0,3,1
676,usuario,0,3,1
677,usuario,0,1,0
678,usuario,0,3,1
679,usuario,0,3,1
680,usuario,0,3,1
681,usuario,0,5,2
682,usuario,0,3,1
683,usuario,0,3,1
684,usuario,0,3,1
685,usuario,0,3,1
686,usuario,0,3,1
687,usuario,0,1,0
688,usuario,0,3,1
689,usuario,0,1,0
690,usuario,0,3,1
691,usuario,0,3,1
692,usuario,0,3,1
693,usuario,0,3,1
694,usuario,0,3,1
695,usuario,0,3,1
696,usuario,0,3,1
697,usuario,0,3,1
698,usuario,0,3,1
699,usuario,0,3,1
700,usuario,0,3,1
701,usuario,0,3,1
702,usuario,0,3,1
703,usuario,0,3,1
704,usuario,0,3,1
705,usuario,0,3,1
706,usuario,0,3,1
707,usuario,0,3,1
708,usuario,0,3,1
709,usuario,0,3,1
710,usuario,0,3,1
711,usuario,0,1,0
712,usuario,0,3,1
713,usuario,0,3,1
714,usuario,0,3,1
715,usuario,0,3,1
716,usuario,0,3,1
717,usuario,0,3,1
718,usuario,0,3,1
719,usuario,0,5,2
720,usuario,0,3,1
721,usuario,0,3,1
722,usuario,0,3,1
723,usuario,0,3,1
724,usuario,0,5,2
725,usuario,0,3,1
726,usuario,0,3,1
727,usuario,0,3,1
728,usuario,0,3,1
729,usuario,0,3,1
730,usuario,0,3,1
731,usuario,0,3,1
732,usuario,0,3,1
733,usuario,0,1,0
734,usuario,0,1,0
735,usuario,0,3,1
736,usuario,0,3,1
737,usuario,0,3,1
738,usuario,0,3,1
739,usuario,0,3,1
740,usuario,0,3,1
741,usuario,0,3,1
742,usuario,0,3,1
743,usuario,0,3,1
744,usuario,0,3,1
745,usuario,0,3,1
746,usuario,0,3,1
747,usuario,0,3,1
748,usuario,0,3,1
749,usuario,0,3,1
750,usuario,0,3,1
751,usuario,0,3,1
752,usuario,0,3,1
753,usuario,0,3,1
754,usuario,0,3,1
755,usuario,0,3,1
756,usuario,0,3,1
757,usuario,0,3,1
758,usuario,0,3,1
759,usuario,0,3,1
760,usuario,0,3,1
761,usuario,0,3,1
762,usuario,0,3,1
763,usuario,0,3,1
764,usuario,0,3,1
765,usuario,0,3,1
766,usuario,0,3,1
767,usuario,0,3,1
768,usuario,0,1,0
769,usuario,0,3,1
770,usuario,0,3,1
771,usuario,0,3,1
772,usuario,0,3,1
773,usuario,0,3,1
774,usuario,0,3,1
775,usuario,0,3,1
776,usuario,0,3,1
777,usuario,0,3,1
778,usuario,0,3,1
779,usuario,0,3,1
780,usuario,0,3,1
781,usuario,0,3,1
782,usuario,0,3,1
783,usuario,0,3,1
784,usuario,0,3,1
785,usuario,0,3,1
786,usuario,0,3,1
787,usuario,0,3,1
788,usuario,0,3,1
789,usuario,0,3,1
790,usuario,0,3,1
791,usuario,0,3,1
792,usuario,0,3,1
793,usuario,0,3,1
794,usuario,0,3,1
795,usuario,0,1,0
796,usuario,0,1,0
797,usuario,0,3,1
798,usuario,0,5,2
799,usuario,0,3,1
800,usuario,0,1,0
801,usuario,0,3,1
802,usuario,0,3,1
803,usuario,0,3,1
804,usuario,0,3,1
805,usuario,0,3,1
806,usuario,0,5,2
807,usuario,0,3,1
808,usuario,0,3,1
809,usuario,0,3,1
810,usuario,0,3,1
811,usuario,0,3,1
812,usuario,0,3,1
813,usuario,0,3,1
814,usuario,0,3,1
815,usuario,0,3,1
816,usuario,0,3,1
817,usuario,0,3,1
818,usuario,0,3,1
819,usuario,0,3,1
820,usuario,0,3,1
821,usuario,0,3,1
822,usuario,0,3,1
823,usuario,0,3,1
824,usuario,0,3,1
825,usuario,0,3,1
826,usuario,0,3,1
827,usuario,0,3,1
828,usuario,0,3,1
829,usuario,0,3,1
830,usuario,0,3,1
831,usuario,0,3,1
832,usuario,0,3,1
833,usuario,0,3,1
834,usuario,0,3,1
835,usuario,0,3,1
836,usuario,0,3,1
837,usuario,0,3,1
838,usuario,0,3,1
839,usuario,0,3,1
840,usuario,0,3,1
841,usuario,0,3,1
842,usuario,0,3,1
843,usuario,0,3,1
844,usuario,0,3,1
845,usuario,0,3,1
846,usuario,0,3,1
847,usuario,0,5,2
848,usuario,0,3,1
849,usuario,0,3,1
850,usuario,0,3,1
851,usuario,0,3,1
852,usuario,0,3,1
853,usuario,0,3,1
854,usuario,0,3,1
855,usuario,0,3,1
856,usuario,0,3,1
857,usuario,0,5,2
858,usuario,0,3,1
859,usuario,0,3,1
860,usuario,0,5,2
861,usuario,0,3,1
862,usuario,0,1,0
863,usuario,0,3,1
864,usuario,0,1,0
865,usuario,0,3,1
866,usuario,0,3,1
867,usuario,0,3,1
868,usuario,0,3,1
869,usuario,0,3,1
870,usuario,0,3,1
871,usuario,0,3,1
872,usuario,0,3,1
873,usuario,0,3,1
874,usuario,0,3,1
875,usuario,0,1,0
876,usuario,0,3,1
877,usuario,0,3,1
878,usuario,0,3,1
879,usuario,0,3,1
880,usuario,0,3,1
881,usuario,0,3,1
882,usuario,0,3,1
883,usuario,0,3,1
884,usuario,0,3,1
885,usuario,0,3,1
886,usuario,0,3,1
887,usuario,0,3,1
888,usuario,0,3,1
889,usuario,0,3,1
890,usuario,0,3,1
891,usuario,0,3,1
892,usuario,0,3,1
893,usuario,0,1,0
894,usuario,0,3,1
895,usuario,0,3,1
896,usuario,0,3,1
897,usuario,0,3,1
898,usuario,0,3,1
899,usuario,0,3,1
900,usuario,0,3,1
901,usuario,0,3,1
902,usuario,0,3,1
903,usuario,0,3,1
904,usuario,0,3,1
905,usuario,0,3,1
906,usuario,0,3,1
907,usuario,0,3,1
908,usuario,0,3,1
909,usuario,0,3,1
910,usuario,0,3,1
911,usuario,0,3,1
912,usuario,0,3,1
913,usuario,0,3,1
914,usuario,0,3,1
915,usuario,0,3,1
916,usuario,0,3,1
917,usuario,0,3,1
918,usuario,0,3,1
919,usuario,0,3,1
920,usuario,0,3,1
921,usuario,0,1,0
922,usuario,0,3,1
923,usuario,0,3,1
924,usuario,0,1,0
925,usuario,0,3,1
926,usuario,0,3,1
927,usuario,0,3,1
928,usuario,0,3,1
929,usuario,0,3,1
930,usuario,0,3,1
931,usuario,0,1,0
932,usuario,0,3,1
933,usuario,0,3,1
934,usuario,0,3,1
935,usuario,0,3,1
936,usuario,0,1,0
937,usuario,0,3,1
938,usuario,0,3,1
939,usuario,0,3,1
940,usuario,0,3,1
941,usuario,0,3,1
942,usuario,0,3,1
943,usuario,0,3,1
944,usuario,0,3,1
945,usuario,0,3,1
946,usuario,0,3,1
947,usuario,0,3,1
948,usuario,0,3,1
949,usuario,0,1,0
950,usuario,0,3,1
951,usuario,0,3,1
952,usuario,0,3,1
953,usuario,0,1,0
954,usuario,0,3,1
955,usuario,0,3,1
956,usuario,0,3,1
957,usuario,0,3,1
958,usuario,0,3,1
959,usuario,0,3,1
960,usuario,0,3,1
961,usuario,0,3,1
962,usuario,0,3,1
963,usuario,0,3,1
964,usuario,0,3,1
965,usuario,0,3,1
966,usuario,0,3,1
967,usuario,0,3,1
968,usuario,0,1,0
969,usuario,0,3,1
970,usuario,0,3,1
971,usuario,0,3,1
972,usuario,0,3,1
973,usuario,0,3,1
974,usuario,0,3,1
975,usuario,0,3,1
976,usuario,0,3,1
977,usuario,0,3,1
978,usuario,0,3,1
979,usuario,0,3,1
980,usuario,0,3,1
981,usuario,0,3,1
982,usuario,0,3,1
983,usuario,0,3,1
984,usuario,0,3,1
985,usuario,0,3,1
986,usuario,0,3,1
987,usuario,0,3,1
988,usuario,0,1,0
989,usuario,0,3,1
990,usuario,0,3,1
991,usuario,0,3,1
992,usuario,0,1,0
993,usuario,0,1,0
994,usuario,0,3,1
995,usuario,0,3,1
996,usuario,0,3,1
997,usuario,0,3,1
998,usuario,0,3,1
999,usuario,0,3,1
1000,usuario,0,3,1
1001,usuario,0,3,1
1002,usuario,0,3,1
1003,usuario,0,3,1
1004,usuario,0,3,1
1005,usuario,0,3,1
1006,usuario,0,3,1
1007,usuario,0,3,1
1008,usuario,0,3,1
1009,usuario,0,3,1
1010,usuario,0,3,1
1011,usuario,0,3,1
1012,usuario,0,3,1
1013,usuario,0,3,1
1014,usuario,0,3,1
1015,usuario,0,1,0
1016,usuario,0,3,1
1017,usuario,0,3,1
1018,usuario,0,3,1
1019,usuario,0,3,1
1020,usuario,0,3,1
1021,usuario,0,1,0
1022,usuario,0,3,1
1023,usuario,0,3,1
1024,usuario,0,1,0
1025,usuario,0,3,1
1026,usuario,0,3,1
1027,usuario,0,3,1
1028,usuario,0,1,0
1029,usuario,0,1,0
1030,usuario,0,3,1
1031,usuario,0,3,1
1032,usuario,0,3,1
1033,usuario,0,3,1
1034,usuario,0,3,1
1035,usuario,0,3,1
1036,usuario,0,3,1
1037,usuario,0,3,1
1038,usuario,0,3,1
1039,usuario,0,3,1
1040,usuario,0,3,1
1041,usuario,0,3,1
1042,usuario,0,3,1
1043,usuario,0,3,1
1044,usuario,0,1,0
1045,usuario,0,3,1
1046,usuario,0,3,1
1047,usuario,0,3,1
1048,usuario,0,3,1
1049,usuario,0,1,0
1050,usuario,0,3,1
1051,usuario,0,3,1
1052,usuario,0,3,1
1053,usuario,0,3,1
1054,usuario,0,3,1
1055,usuario,0,3,1
1056,usuario,0,3,1
1057,usuario,0,1,0
1058,usuario,0,3,1
1059,usuario,0,3,1
1060,usuario,0,3,1
1061,usuario,0,3,1
1062,usuario,0,3,1
1063,usuario,0,3,1
1064,usuario,0,3,1
1065,usuario,0,3,1
1066,usuario,0,3,1
1067,usuario,0,3,1
1068,usuario,0,3,1
1069,usuario,0,3,1
1070,usuario,0,3,1
1071,usuario,0,3,1
1072,usuario,0,1,0
1073,usuario,0,3,1
1074,usuario,0,3,1
1075,usuario,0,3,1
1076,usuario,0,3,1
1077,usuario,0,3,1
1078,usuario,0,3,1
1079,usuario,0,3,1
1080,usuario,0,3,1
1081,usuario,0,3,1
1082,usuario,0,3,1
1083,usuario,0,3,1
1084,usuario,0,3,1
1085,usuario,0,3,1
1086,usuario,0,3,1
1087,usuario,0,3,1
1088,usuario,0,3,1
1089,usuario,0,3,1
1090,usuario,0,1,0
1091,usuario,0,3,1
1092,usuario,0,3,1
1093,usuario,0,3,1
1094,usuario,0,3,1
1095,usuario,0,3,1
1096,usuario,0,3,1
1097,usuario,0,3,1
1098,usuario,0,3,1
1099,usuario,0,3,1
1100,usuario,0,3,1
1101,usuario,0,3,1
1102,usuario,0,3,1
1103,usuario,0,3,1
1104,usuario,0,3,1
1105,usuario,0,3,1
1106,usuario,0,3,1
1107,usuario,0,3,1
1108,usuario,0,3,1
1109,usuario,0,3,1
1110,usuario,0,3,1
1111,usuario,0,3,1
1112,usuario,0,3,1
1113,usuario,0,3,1
1114,usuario,0,3,1
1115,usuario,0,3,1
1116,usuario,0,3,1
1117,usuario,0,3,1
1118,usuario,0,3,1
1119,usuario,0,3,1
1120,usuario,0,3,1
1121,usuario,0,3,1
1122,usuario,0,3,1
1123,usuario,0,3,1
1124,usuario,0,3,1
1125,usuario,0,3,1
1126,usuario,0,3,1
1127,usuario,0,3,1
1128,usuario,0,3,1
1129,usuario,0,1,0
1130,usuario,0,3,1
1131,usuario,0,1,0
1132,usuario,0,3,1
1133,usuario,0,3,1
1134,usuario,0,3,1
1135,usuario,0,3,1
1136,usuario,0,3,1
1137,usuario,0,3,1
1138,usuario,0,3,1
1139,usuario,0,3,1
1140,usuario,0,3,1
1141,usuario,0,3,1
1142,usuario,0,3,1
1143,usuario,0,3,1
1144,usuario,0,3,1
1145,usuario,0,3,1
1146,usuario,0,3,1
1147,usuario,0,3,1
1148,usuario,0,3,1
1149,usuario,0,3,1
1150,usuario,0,3,1
1151,usuario,0,3,1
1152,usuario,0,3,1
1153,usuario,0,3,1
1154,usuario,0,3,1
1155,usuario,0,3,1
1156,usuario,0,3,1
1157,usuario,0,3,1
1158,usuario,0,3,1
1159,usuario,0,3,1
1160,usuario,0,3,1
1161,usuario,0,3,1
1162,usuario,0,3,1
1163,usuario,0,3,1
1164,usuario,0,3,1
1165,usuario,0,1,0
1166,usuario,0,3,1
1167,usuario,0,3,1
1168,usuario,0,3,1
1169,usuario,0,3,1
1170,usuario,0,1,0
1171,usuario,0,3,1
1172,usuario,0,3,1
1173,usuario,0,3,1
1174,usuario,0,3,1
1175,usuario,0,3,1
1176,usuario,0,3,1
1177,usuario,0,3,1
1178,usuario,0,3,1
1179,usuario,0,3,1
1180,usuario,0,3,1
1181,usuario,0,3,1
1182,usuario,0,3,1
1183,usuario,0,3,1
1184,usuario,0,3,1
1185,usuario,0,3,1
1186,usuario,0,3,1
1187,usuario,0,3,1
1188,usuario,0,1,0
1189,usuario,0,3,1
1190,usuario,0,3,1
1191,usuario,0,3,1
1192,usuario,0,3,1
1193,usuario,0,3,1
1194,usuario,0,3,1
1195,usuario,0,3,1
1196,usuario,0,3,1
1197,usuario,0,3,1
1198,usuario,0,3,1
1199,usuario,0,3,1
1200,usuario,0,3,1
1201,usuario,0,3,1
1202,usuario,0,3,1
1203,usuario,0,3,1
1204,usuario,0,5,2
1205,usuario,0,3,1
1206,usuario,0,3,1
1207,usuario,0,3,1
1208,usuario,0,3,1
1209,usuario,0,1,0
1210,usuario,0,3,1
1211,usuario,0,1,0
1212,usuario,0,3,1
1213,usuario,0,3,1
1214,usuario,0,3,1
1215,usuario,0,3,1
1216,usuario,0,3,1
1217,usuario,0,3,1
1218,usuario,0,1,0
1219,usuario,0,3,1
1220,usuario,0,3,1
1221,usuario,0,3,1
1222,usuario,0,3,1
1223,usuario,0,3,1
1224,usuario,0,3,1
1225,usuario,0,3,1
1226,usuario,0,3,1
1227,usuario,0,3,1
1228,usuario,0,3,1
1229,usuario,0,3,1
1230,usuario,0,3,1
1231,usuario,0,3,1
1232,usuario,0,3,1
1233,usuario,0,3,1
1234,usuario,0,1,0
1235,usuario,0,3,1
1236,usuario,0,1,0
1237,usuario,0,3,1
1238,usuario,0,3,1
1239,usuario,0,3,1
1240,usuario,0,1,0
1241,usuario,0,3,1
1242,usuario,0,3,1
1243,usuario,0,3,1
1244,usuario,0,3,1
1245,usuario,0,3,1
1246,usuario,0,3,1
1247,usuario,0,3,1
1248,usuario,0,3,1
1249,usuario,0,3,1
1250,usuario,0,3,1
1251,usuario,0,3,1
1252,usuario,0,1,0
1253,usuario,0,3,1
1254,usuario,0,3,1
1255,usuario,0,3,1
1256,usuario,0,3,1
1257,usuario,0,3,1
1258,usuario,0,3,1
1259,usuario,0,3,1
1260,usuario,0,3,1
1261,usuario,0,3,1
1262,usuario,0,3,1
1263,usuario,0,3,1
1264,usuario,0,5,2
1265,usuario,0,1,0
1266,usuario,0,3,1
1267,usuario,0,3,1
1268,usuario,0,3,1
1269,usuario,0,1,0
1270,usuario,0,3,1
1271,usuario,0,3,1
1272,usuario,0,3,1
1273,usuario,0,3,1
1274,usuario,0,3,1
1275,usuario,0,3,1
1276,usuario,0,3,1
1277,usuario,0,3,1
1278,usuario,0,3,1
1279,usuario,0,3,1
1280,usuario,0,3,1
1281,usuario,0,3,1
1282,usuario,0,3,1
1283,usuario,0,3,1
1284,usuario,0,3,1
1285,usuario,0,3,1
1286,usuario,0,3,1
1287,usuario,0,3,1
1288,usuario,0,3,1
1289,usuario,0,3,1
1290,usuario,0,1,0
1291,usuario,0,3,1
1292,usuario,0,3,1
1293,usuario,0,3,1
1294,usuario,0,3,1
1295,usuario,0,1,0
1296,usuario,0,3,1
1297,usuario,0,3,1
1298,usuario,0,3,1
1299,usuario,0,3,1
1300,usuario,0,3,1
1301,usuario,0,3,1
1302,usuario,0,3,1
1303,usuario,0,3,1
1304,usuario,0,3,1
1305,usuario,0,3,1
1306,usuario,0,3,1
1307,usuario,0,3,1
1308,usuario,0,3,1
1309,usuario,0,3,1
1310,usuario,0,3,1
1311,usuario,0,3,1
1312,usuario,0,3,1
1313,usuario,0,3,1
1314,usuario,0,3,1
1315,usuario,0,3,1
1316,usuario,0,3,1
1317,usuario,0,3,1
1318,usuario,0,5,2
1319,usuario,0,3,1
1320,usuario,0,1,0
1321,usuario,0,3,1
1322,usuario,0,3,1
1323,usuario,0,1,0
1324,usuario,0,3,1
1325,usuario,0,3,1
1326,usuario,0,3,1
1327,usuario,0,3,1
1328,usuario,0,3,1
1329,usuario,0,3,1
1330,usuario,0,1,0
1331,usuario,0,3,1
1332,usuario,0,3,1
1333,usuario,0,3,1
1334,usuario,0,3,1
1335,usuario,0,5,2
1336,usuario,0,3,1
1337,usuario,0,3,1
1338,usuario,0,3,1
1339,usuario,0,3,1
1340,usuario,0,3,1
1341,usuario,0,3,1
1342,usuario,0,3,1
1343,usuario,0,3,1
1344,usuario,0,3,1
1345,usuario,0,3,1
1346,usuario,0,3,1
1347,usuario,0,3,1
1348,usuario,0,1,0
1349,usuario,0,3,1
1350,usuario,0,3,1
1351,usuario,0,3,1
1352,usuario,0,3,1
1353,usuario,0,3,1
1354,usuario,0,3,1
1355,usuario,0,3,1
1356,usuario,0,3,1
1357,usuario,0,1,0
1358,usuario,0,3,1
1359,usuario,0,3,1
1360,usuario,0,3,1
1361,usuario,0,3,1
1362,usuario,0,3,1
1363,usuario,0,3,1
1364,usuario,0,3,1
1365,usuario,0,3,1
1366,usuario,0,3,1
1367,usuario,0,1,0
1368,usuario,0,3,1
1369,usuario,0,3,1
1370,usuario,0,3,1
1371,usuario,0,3,1
1372,usuario,0,3,1
1373,usuario,0,3,1
1374,usuario,0,3,1
1375,usuario,0,1,0
1376,usuario,0,3,1
1377,usuario,0,3,1
1378,usuario,0,3,1
1379,usuario,0,1,0
1380,usuario,0,3,1
1381,usuario,0,3,1
1382,usuario,0,3,1
1383,usuario,0,1,0
1384,usuario,0,3,1
1385,usuario,0,3,1
1386,usuario,0,3,1
1387,usuario,0,3,1
1388,usuario,0,3,1
1389,usuario,0,3,1
1390,usuario,0,1,0
1391,usuario,0,1,0
1392,usuario,0,3,1
1393,usuario,0,1,0
1394,usuario,0,3,1
1395,usuario,0,3,1
1396,usuario,0,3,1
1397,usuario,0,3,1
1398,usuario,0,1,0
1399,usuario,0,3,1
1400,usuario,0,3,1
1401,usuario,0,3,1
1402,usuario,0,5,2
1403,usuario,0,3,1
1404,usuario,0,3,1
1405,usuario,0,3,1
1406,usuario,0,3,1
1407,usuario,0,3,1
1408,usuario,0,3,1
1409,usuario,0,3,1
1410,usuario,0,3,1
1411,usuario,0,3,1
1412,usuario,0,3,1
1413,usuario,0,1,0
1414,usuario,0,3,1
1415,usuario,0,3,1
1416,usuario,0,3,1
1417,usuario,0,3,1
1418,usuario,0,3,1
1419,usuario,0,3,1
1420,usuario,0,3,1
1421,usuario,0,3,1
1422,usuario,0,3,1
1423,usuario,0,3,1
1424,usuario,0,3,1
1425,usuario,0,3,1
1426,usuario,0,3,1
1427,usuario,0,3,1
1428,usuario,0,3,1
1429,usuario,0,3,1
1430,usuario,0,3,1
1431,usuario,0,3,1
1432,usuario,0,3,1
1433,usuario,0,3,1
1434,usuario,0,1,0
1435,usuario,0,3,1
1436,usuario,0,3,1
1437,usuario,0,3,1
1438,usuario,0,3,1
1439,usuario,0,3,1
1440,usuario,0,3,1
1441,produto,0,4,2
1442,produto,1,4,2
1443,produto,1,4,2
1444,produto,1,4,2
1445,produto,1,4,2
1446,produto,1,4,2
1447,produto,1,4,2
1448,produto,1,4,2
1449,produto,1,4,2
1450,produto,1,4,2
1451,produto,1,4,2
1452,produto,1,2,1
1453,produto,1,4,2
1454,produto,0,2,1
1455,produto,0,2,1
1456,produto,0,4,2
1457,produto,1,2,1
1458,produto,1,2,1
1459,produto,1,4,2
1460,produto,2,0,0
1461,produto,1,4,2
1462,produto,1,2,1
1463,produto,0,2,1
1464,produto,1,2,1
1465,produto,0,2,1
1466,produto,0,2,1
1467,produto,1,2,1
1468,produto,1,4,2
1469,produto,1,4,2
1470,produto,1,4,2
1471,produto,1,2,1
1472,produto,1,4,2
1473,produto,1,2,1
1474,produto,2,0,0
1475,produto,2,0,0
1476,produto,1,4,2
1477,produto,1,4,2
1478,produto,0,2,1
1479,produto,1,2,1
1480,produto,0,2,1
1481,produto,1,2,1
1482,produto,0,4,2
1483,produto,1,4,2
1484,produto,1,4,2
1485,produto,1,2,1
1486,produto,0,2,1
1487,produto,0,2,1
1488,produto,0,4,2
1489,produto,1,4,2
1490,produto,1,2,1
1491,produto,1,4,2
1492,produto,1,4,2
1493,produto,1,4,2
1494,produto,1,4,2
1495,produto,0,4,2
1496,produto,1,4,2
1497,produto,0,2,1
1498,produto,1,4,2
1499,produto,1,2,1
1500,produto,0,2,1
1501,produto,1,4,2
1502,produto,2,0,0
1503,produto,1,2,1
1504,produto,1,2,1
1505,produto,0,2,1
1506,produto,0,2,1
1507,produto,1,4,2
1508,produto,1,4,2
1509,produto,0,2,1
1510,produto,1,4,2
1511,produto,1,4,2
1512,produto,1,4,2
1513,produto,1,2,1
1514,produto,0,2,1
1515,produto,1,4,2
1516,produto,0,2,1
1517,produto,0,2,1
1518,produto,0,2,1
1519,produto,1,2,1
1520,produto,0,2,1
1521,produto,1,4,2
1522,produto,0,2,1
1523,produto,0,2,1
1524,produto,1,6,3
1525,produto,1,4,2
1526,produto,1,2,1
1527,produto,1,4,2
1528,produto,1,4,2
1529,produto,1,4,2
1530,produto,1,2,1
1531,produto,1,4,2
1532,produto,1,4,2
1533,produto,1,2,1
1534,produto,1,4,2
1535,produto,1,4,2
1536,produto,1,4,2
1537,produto,0,2,1
1538,produto,1,4,2
1539,produto,0,2,1
1540,produto,1,2,1
1541,produto,1,2,1
1542,produto,2,0,0
1543,produto,1,2,1
1544,produto,1,4,2
1545,produto,1,4,2
1546,produto,1,4,2
1547,produto,0,2,1
1548,produto,0,2,1
1549,produto,1,4,2
1550,produto,0,2,1
1551,produto,0,2,1
1552,produto,1,4,2
1553,produto,1,4,2
1554,produto,1,4,2
1555,produto,0,2,1
1556,produto,0,2,1
1557,produto,1,2,1
1558,produto,0,2,1
1559,produto,2,0,0
1560,produto,0,2,1
1561,produto,1,4,2
1562,produto,0,2,1
1563,produto,1,2,1
1564,produto,0,4,2
1565,produto,1,4,2
1566,produto,0,2,1
1567,produto,1,2,1
1568,produto,0,2,1
1569,produto,1,4,2
1570,produto,1,2,1
1571,produto,1,2,1
1572,produto,0,2,1
1573,produto,1,4,2
1574,produto,1,2,1
1575,produto,1,2,1
1576,produto,1,4,2
1577,produto,1,2,1
1578,produto,0,2,1
1579,produto,0,2,1
1580,produto,0,2,1
1581,produto,1,4,2
1582,produto,1,2,1
1583,produto,1,2,1
1584,produto,1,2,1
1585,produto,0,2,1
1586,produto,1,4,2
1587,produto,1,4,2
1588,produto,1,2,1
1589,produto,0,2,1
1590,produto,0,2,1
1591,produto,1,4,2
1592,produto,0,2,1
1593,produto,0,4,2
1594,produto,0,2,1
1595,produto,1,4,2
1596,produto,1,4,2
1597,produto,1,4,2
1598,produto,1,4,2
1599,produto,1,4,2
1600,produto,1,2,1
1601,produto,1,4,2
1602,produto,1,4,2
1603,produto,0,2,1
1604,produto,1,4,2
1605,produto,1,4,2
1606,produto,1,4,2
1607,produto,1,2,1
1608,produto,2,0,0
1609,produto,1,2,1
1610,produto,1,2,1
1611,produto,1,4,2
1612,produto,0,2,1
1613,produto,0,2,1
1614,produto,0,2,1
1615,produto,0,2,1
1616,produto,1,4,2
1617,produto,1,4,2
1618,produto,2,0,0
1619,produto,0,2,1
1620,produto,1,2,1
1621,produto,0,2,1
1622,produto,1,6,3
1623,produto,0,2,1
1624,produto,1,2,1
1625,produto,1,4,2
1626,produto,1,2,1
1627,produto,1,2,1
1628,produto,0,2,1
1629,produto,1,2,1
1630,produto,1,4,2
1631,produto,1,4,2
1632,produto,1,4,2
1633,produto,1,4,2
1634,produto,1,4,2
1635,produto,0,4,2
1636,produto,1,2,1
1637,produto,1,4,2
1638,produto,2,0,0
1639,produto,1,4,2
1640,produto,1,2,1
1641,produto,1,4,2
1642,produto,1,4,2
1643,produto,1,4,2
1644,produto,0,2,1
1645,produto,2,0,0
1646,produto,1,2,1
1647,produto,0,2,1
1648,produto,1,4,2
1649,produto,1,2,1
1650,produto,0,2,1
1651,produto,0,2,1
1652,produto,0,4,2
1653,produto,1,4,2
1654,produto,1,4,2
1655,produto,0,2,1
1656,produto,1,2,1
1657,produto,1,4,2
1658,produto,1,6,3
1659,produto,1,2,1
1660,produto,1,2,1
1661,produto,1,2,1
1662,produto,0,2,1
1663,produto,1,2,1
1664,produto,0,2,1
1665,produto,1,4,2
1666,produto,0,2,1
1667,produto,1,4,2
1668,produto,1,2,1
1669,produto,1,4,2
1670,produto,0,2,1
1671,produto,1,4,2
1672,produto,1,2,1
1673,produto,1,4,2
1674,produto,1,2,1
1675,produto,1,4,2
1676,produto,0,2,1
1677,produto,1,4,2
1678,produto,0,2,1
1679,produto,1,2,1
1680,produto,1,4,2
1681,produto,0,2,1
1682,produto,1,4,2
1683,produto,1,4,2
1684,produto,0,2,1
1685,produto,1,2,1
1686,produto,1,4,2
1687,produto,1,4,2
1688,produto,1,2,1
1689,produto,1,4,2
1690,produto,1,4,2
1691,produto,0,4,2
1692,produto,1,4,2
1693,produto,1,4,2
1694,produto,1,2,1
1695,produto,1,4,2
1696,produto,1,2,1
1697,produto,1,4,2
1698,produto,1,4,2
1699,produto,1,4,2
1700,produto,0,2,1
1701,produto,1,4,2
1702,produto,1,2,1
1703,produto,2,0,0
1704,produto,1,2,1
1705,produto,2,0,0
1706,produto,1,4,2
1707,produto,2,0,0
1708,produto,1,4,2
1709,produto,2,0,0
1710,produto,1,2,1
1711,produto,1,4,2
1712,produto,1,4,2
1713,produto,1,4,2
1714,produto,1,2,1
1715,produto,0,2,1
1716,produto,1,4,2
1717,produto,1,4,2
1718,produto,1,2,1
1719,produto,1,4,2
1720,produto,0,2,1
1721,produto,1,4,2
1722,produto,1,4,2
1723,produto,0,4,2
1724,produto,1,4,2
1725,produto,0,2,1
1726,produto,1,2,1
1727,produto,1,4,2
1728,produto,1,2,1
1729,produto,0,2,1
1730,produto,1,2,1
1731,produto,0,2,1
1732,produto,1,4,2
1733,produto,0,2,1
1734,produto,1,2,1
1735,produto,1,2,1
1736,produto,1,4,2
1737,produto,0,2,1
1738,produto,1,2,1
1739,produto,1,2,1
1740,produto,0,2,1
1741,produto,0,2,1
1742,produto,1,2,1
1743,produto,1,2,1
1744,produto,1,2,1
1745,produto,1,2,1
1746,produto,1,2,1
1747,produto,1,4,2
1748,produto,1,2,1
1749,produto,1,2,1
1750,produto,0,2,1
1751,produto,1,4,2
1752,produto,1,2,1
1753,produto,0,2,1
1754,produto,0,2,1
1755,produto,1,4,2
1756,produto,1,4,2
1757,produto,0,2,1
1758,produto,1,4,2
1759,produto,1,4,2
1760,produto,1,4,2
1761,produto,1,4,2
1762,produto,1,4,2
1763,produto,1,2,1
1764,produto,2,0,0
1765,produto,1,4,2
1766,produto,1,2,1
1767,produto,1,4,2
1768,produto,0,2,1
1769,produto,1,4,2
1770,produto,1,4,2
1771,produto,1,4,2
1772,produto,1,4,2
1773,produto,0,2,1
1774,produto,1,2,1
1775,produto,1,2,1
1776,produto,1,4,2
1777,produto,1,4,2
1778,produto,2,0,0
1779,produto,1,4,2
1780,produto,1,2,1
1781,produto,0,2,1
1782,produto,1,4,2
1783,produto,1,4,2
1784,produto,1,2,1
1785,produto,1,4,2
1786,produto,1,4,2
1787,produto,1,4,2
1788,produto,1,4,2
1789,produto,2,0,0
1790,produto,0,2,1
1791,produto,0,2,1
1792,produto,1,2,1
1793,produto,0,2,1
1794,produto,1,4,2
1795,produto,1,4,2
1796,produto,1,2,1
1797,produto,0,2,1
1798,produto,0,2,1
1799,produto,1,4,2
1800,produto,0,2,1
1801,produto,0,2,1
1802,produto,1,4,2
1803,produto,1,6,3
1804,produto,0,2,1
1805,produto,0,2,1
1806,produto,0,2,1
1807,produto,1,4,2
1808,produto,0,2,1
1809,produto,1,4,2
1810,produto,1,4,2
1811,produto,0,2,1
1812,produto,1,4,2
1813,produto,1,4,2
1814,produto,0,2,1
1815,produto,0,2,1
1816,produto,0,2,1
1817,produto,1,2,1
1818,produto,1,4,2
1819,produto,0,2,1
1820,produto,1,2,1
1821,produto,1,4,2
1822,produto,1,2,1
1823,produto,0,2,1
1824,produto,1,4,2
1825,produto,0,2,1
1826,produto,1,4,2
1827,produto,1,2,1
1828,produto,0,2,1
1829,produto,1,4,2
1830,produto,1,2,1
1831,produto,1,2,1
1832,produto,1,2,1
1833,produto,1,2,1
1834,produto,1,4,2
1835,produto,1,4,2
1836,produto,1,4,2
1837,produto,2,0,0
1838,produto,1,4,2
1839,produto,1,4,2
1840,produto,1,4,2
1841,produto,1,4,2
1842,produto,0,2,1
1843,produto,0,2,1
1844,produto,1,4,2
1845,produto,1,2,1
1846,produto,1,4,2
1847,produto,1,4,2
1848,produto,0,4,2
1849,produto,1,4,2
1850,produto,1,4,2
1851,produto,1,4,2
1852,produto,1,4,2
1853,produto,1,4,2
1854,produto,1,4,2
1855,produto,1,4,2
1856,produto,2,0,0
1857,produto,0,2,1
1858,produto,0,2,1
1859,produto,1,4,2
1860,produto,1,4,2
1861,produto,0,2,1
1862,produto,0,2,1
1863,produto,2,0,0
1864,produto,1,4,2
1865,produto,1,4,2
1866,produto,1,4,2
1867,produto,1,2,1
1868,produto,1,2,1
1869,produto,1,4,2
1870,produto,1,4,2
1871,produto,1,4,2
1872,produto,1,4,2
1873,produto,1,6,3
1874,produto,0,2,1
1875,produto,1,2,1
1876,produto,0,2,1
1877,produto,0,2,1
1878,produto,1,4,2
1879,produto,1,2,1
1880,produto,1,2,1
1881,produto,1,4,2
1882,produto,1,2,1
1883,produto,1,4,2
1884,produto,1,4,2
1885,produto,0,4,2
1886,produto,2,0,0
1887,produto,0,2,1
1888,produto,0,2,1
1889,produto,0,2,1
1890,produto,1,4,2
1891,produto,1,4,2
1892,produto,1,4,2
1893,produto,0,2,1
1894,produto,0,2,1
1895,produto,1,2,1
1896,produto,1,2,1
1897,produto,0,2,1
1898,produto,1,4,2
1899,produto,0,2,1
1900,produto,1,4,2
1901,produto,1,4,2
1902,produto,0,2,1
1903,produto,2,0,0
1904,produto,1,4,2
1905,produto,0,2,1
1906,produto,0,2,1
1907,produto,1,4,2
1908,produto,1,4,2
1909,produto,1,4,2
1910,produto,1,4,2
1911,produto,0,2,1
1912,produto,0,2,1
1913,produto,1,2,1
1914,produto,1,2,1
1915,produto,1,2,1
1916,produto,1,4,2
1917,produto,0,2,1
1918,produto,1,2,1
1919,produto,0,2,1
1920,produto,1,2,1
1921,produto,1,4,2
1922,produto,0,2,1
1923,produto,0,2,1
1924,produto,1,4,2
1925,produto,1,4,2
1926,produto,1,2,1
1927,produto,0,2,1
1928,produto,1,2,1
1929,produto,1,4,2
1930,produto,0,2,1
1931,produto,1,4,2
1932,produto,1,4,2
1933,produto,1,4,2
1934,produto,1,4,2
1935,produto,1,2,1
1936,produto,1,4,2
1937,produto,1,4,2
1938,produto,1,4,2
1939,produto,1,4,2
1940,produto,1,4,2
1941,produto,2,0,0
1942,produto,1,4,2
1943,produto,2,0,0
1944,produto,1,2,1
1945,produto,1,2,1
1946,produto,0,2,1
1947,produto,1,2,1
1948,produto,1,4,2
1949,produto,1,4,2
1950,produto,1,4,2
1951,produto,1,4,2
1952,produto,1,4,2
1953,produto,0,2,1
1954,produto,1,2,1
1955,produto,1,4,2
1956,produto,0,2,1
1957,produto,1,4,2
1958,produto,1,4,2
1959,produto,1,4,2
1960,produto,1,2,1
1961,produto,0,2,1
1962,produto,1,2,1
1963,produto,2,0,0
1964,produto,1,4,2
1965,produto,1,4,2
1966,produto,1,4,2
1967,produto,1,2,1
1968,produto,0,2,1
1969,produto,0,2,1
1970,produto,0,2,1
1971,produto,1,4,2
1972,produto,1,4,2
1973,produto,1,4,2
1974,produto,1,2,1
1975,produto,1,4,2
1976,produto,1,4,2
1977,produto,1,2,1
1978,produto,1,4,2
1979,produto,2,0,0
1980,produto,1,4,2
1981,produto,1,4,2
1982,produto,1,4,2
1983,produto,1,4,2
1984,produto,1,4,2
1985,produto,0,2,1
1986,produto,1,4,2
1987,produto,1,2,1
1988,produto,1,4,2
1989,produto,1,4,2
1990,produto,1,4,2
1991,produto,0,2,1
1992,produto,1,4,2
1993,produto,1,4,2
1994,produto,1,4,2
1995,produto,1,4,2
1996,produto,1,4,2
1997,produto,1,4,2
1998,produto,1,4,2
1999,produto,1,2,1
