algoritmo,repr,n,m,tempo_ms,memoria_bytes
bipartido,lista,106,215,0.015,8152
bipartido,lista,106,215,0.016,8152
bipartido,lista,106,215,0.015,8152
bipartido,lista,106,215,0.016,8152
bipartido,lista,106,215,0.015,8152
bipartido,lista,106,215,0.014,8152
bipartido,lista,106,215,0.015,8152
bipartido,lista,106,215,0.014,8152
bipartido,lista,106,215,0.026,8152
bipartido,lista,106,215,0.015,8152
nicho,lista,106,215,0.338,8152
nicho,lista,106,215,0.340,8152
nicho,lista,106,215,0.283,8152
nicho,lista,106,215,0.327,8152
nicho,lista,106,215,0.331,8152
nicho,lista,106,215,0.334,8152
nicho,lista,106,215,0.339,8152
nicho,lista,106,215,0.334,8152
nicho,lista,106,215,0.337,8152
nicho,lista,106,215,0.369,8152
componentes,lista,106,215,0.015,8152
componentes,lista,106,215,0.014,8152
componentes,lista,106,215,0.015,8152
componentes,lista,106,215,0.015,8152
componentes,lista,106,215,0.014,8152
componentes,lista,106,215,0.014,8152
componentes,lista,106,215,0.014,8152
componentes,lista,106,215,0.014,8152
componentes,lista,106,215,0.015,8152
componentes,lista,106,215,0.014,8152
bipartido,matriz,106,215,0.021,11660
bipartido,matriz,106,215,0.021,11660
bipartido,matriz,106,215,0.021,11660
bipartido,matriz,106,215,0.022,11660
bipartido,matriz,106,215,0.022,11660
bipartido,matriz,106,215,0.022,11660
bipartido,matriz,106,215,0.023,11660
bipartido,matriz,106,215,0.022,11660
bipartido,matriz,106,215,0.026,11660
bipartido,matriz,106,215,0.021,11660
nicho,matriz,106,215,0.339,11660
nicho,matriz,106,215,0.348,11660
nicho,matriz,106,215,0.385,11660
nicho,matriz,106,215,0.361,11660
nicho,matriz,106,215,0.363,11660
nicho,matriz,106,215,0.391,11660
nicho,matriz,106,215,0.378,11660
nicho,matriz,106,215,0.334,11660
nicho,matriz,106,215,0.334,11660
nicho,matriz,106,215,0.403,11660
componentes,matriz,106,215,0.026,11660
componentes,matriz,106,215,0.021,11660
componentes,matriz,106,215,0.021,11660
componentes,matriz,106,215,0.021,11660
componentes,matriz,106,215,0.022,11660
componentes,matriz,106,215,0.021,11660
componentes,matriz,106,215,0.022,11660
componentes,matriz,106,215,0.021,11660
componentes,matriz,106,215,0.021,11660
componentes,matriz,106,215,0.021,11660
bipartido,lista,505,1902,0.054,66924
bipartido,lista,505,1902,0.058,66924
bipartido,lista,505,1902,0.041,66924
bipartido,lista,505,1902,0.057,66924
bipartido,lista,505,1902,0.058,66924
bipartido,lista,505,1902,0.049,66924
bipartido,lista,505,1902,0.054,66924
bipartido,lista,505,1902,0.050,66924
bipartido,lista,505,1902,0.041,66924
bipartido,lista,505,1902,0.059,66924
nicho,lista,505,1902,0.531,66924
nicho,lista,505,1902,0.512,66924
nicho,lista,505,1902,0.551,66924
nicho,lista,505,1902,0.517,66924
nicho,lista,505,1902,0.522,66924
nicho,lista,505,1902,0.454,66924
nicho,lista,505,1902,0.476,66924
nicho,lista,505,1902,0.474,66924
nicho,lista,505,1902,0.497,66924
nicho,lista,505,1902,0.508,66924
componentes,lista,505,1902,0.046,66924
componentes,lista,505,1902,0.056,66924
componentes,lista,505,1902,0.052,66924
componentes,lista,505,1902,0.046,66924
componentes,lista,505,1902,0.048,66924
componentes,lista,505,1902,0.051,66924
componentes,lista,505,1902,0.056,66924
componentes,lista,505,1902,0.051,66924
componentes,lista,505,1902,0.049,66924
componentes,lista,505,1902,0.048,66924
bipartido,matriz,505,1902,0.167,257045
bipartido,matriz,505,1902,0.158,257045
bipartido,matriz,505,1902,0.156,257045
bipartido,matriz,505,1902,0.151,257045
bipartido,matriz,505,1902,0.158,257045
bipartido,matriz,505,1902,0.158,257045
bipartido,matriz,505,1902,0.159,257045
bipartido,matriz,505,1902,0.163,257045
bipartido,matriz,505,1902,0.206,257045
bipartido,matriz,505,1902,0.198,257045
nicho,matriz,505,1902,0.662,257045
nicho,matriz,505,1902,0.618,257045
nicho,matriz,505,1902,0.597,257045
nicho,matriz,505,1902,0.584,257045
nicho,matriz,505,1902,0.582,257045
nicho,matriz,505,1902,0.617,257045
nicho,matriz,505,1902,0.587,257045
nicho,matriz,505,1902,0.852,257045
nicho,matriz,505,1902,0.550,257045
nicho,matriz,505,1902,0.607,257045
componentes,matriz,505,1902,0.162,257045
componentes,matriz,505,1902,0.168,257045
componentes,matriz,505,1902,0.172,257045
componentes,matriz,505,1902,0.168,257045
componentes,matriz,505,1902,0.160,257045
componentes,matriz,505,1902,0.163,257045
componentes,matriz,505,1902,0.156,257045
componentes,matriz,505,1902,0.156,257045
componentes,matriz,505,1902,0.158,257045
componentes,matriz,505,1902,0.155,257045
bipartido,lista,1003,4462,0.182,154820
bipartido,lista,1003,4462,0.148,154820
bipartido,lista,1003,4462,0.175,154820
bipartido,lista,1003,4462,0.138,154820
bipartido,lista,1003,4462,0.135,154820
bipartido,lista,1003,4462,0.180,154820
bipartido,lista,1003,4462,0.137,154820
bipartido,lista,1003,4462,0.142,154820
bipartido,lista,1003,4462,0.137,154820
bipartido,lista,1003,4462,0.133,154820
nicho,lista,1003,4462,0.634,154820
nicho,lista,1003,4462,0.580,154820
nicho,lista,1003,4462,1.015,154820
nicho,lista,1003,4462,0.726,154820
nicho,lista,1003,4462,0.701,154820
nicho,lista,1003,4462,0.739,154820
nicho,lista,1003,4462,0.770,154820
nicho,lista,1003,4462,0.648,154820
nicho,lista,1003,4462,0.593,154820
nicho,lista,1003,4462,0.621,154820
componentes,lista,1003,4462,0.080,154820
componentes,lista,1003,4462,0.083,154820
componentes,lista,1003,4462,0.076,154820
componentes,lista,1003,4462,0.086,154820
componentes,lista,1003,4462,0.153,154820
componentes,lista,1003,4462,0.157,154820
componentes,lista,1003,4462,0.152,154820
componentes,lista,1003,4462,0.122,154820
componentes,lista,1003,4462,0.184,154820
componentes,lista,1003,4462,0.134,154820
bipartido,matriz,1003,4462,0.553,1010021
bipartido,matriz,1003,4462,0.523,1010021
bipartido,matriz,1003,4462,0.546,1010021
bipartido,matriz,1003,4462,0.540,1010021
bipartido,matriz,1003,4462,0.573,1010021
bipartido,matriz,1003,4462,0.600,1010021
bipartido,matriz,1003,4462,0.577,1010021
bipartido,matriz,1003,4462,0.521,1010021
bipartido,matriz,1003,4462,0.887,1010021
bipartido,matriz,1003,4462,0.569,1010021
nicho,matriz,1003,4462,1.166,1010021
nicho,matriz,1003,4462,1.103,1010021
nicho,matriz,1003,4462,1.161,1010021
nicho,matriz,1003,4462,1.170,1010021
nicho,matriz,1003,4462,1.095,1010021
nicho,matriz,1003,4462,1.068,1010021
nicho,matriz,1003,4462,1.069,1010021
nicho,matriz,1003,4462,1.024,1010021
nicho,matriz,1003,4462,1.078,1010021
nicho,matriz,1003,4462,1.149,1010021
componentes,matriz,1003,4462,0.546,1010021
componentes,matriz,1003,4462,0.541,1010021
componentes,matriz,1003,4462,0.522,1010021
componentes,matriz,1003,4462,0.529,1010021
componentes,matriz,1003,4462,0.530,1010021
componentes,matriz,1003,4462,0.566,1010021
componentes,matriz,1003,4462,0.542,1010021
componentes,matriz,1003,4462,0.545,1010021
componentes,matriz,1003,4462,0.540,1010021
componentes,matriz,1003,4462,0.521,1010021
bipartido,lista,2000,10830,0.504,370560
bipartido,lista,2000,10830,0.519,370560
bipartido,lista,2000,10830,0.306,370560
bipartido,lista,2000,10830,0.474,370560
bipartido,lista,2000,10830,0.435,370560
bipartido,lista,2000,10830,0.458,370560
bipartido,lista,2000,10830,0.534,370560
bipartido,lista,2000,10830,0.362,370560
bipartido,lista,2000,10830,0.739,370560
bipartido,lista,2000,10830,0.402,370560
nicho,lista,2000,10830,1.319,370560
nicho,lista,2000,10830,1.218,370560
nicho,lista,2000,10830,1.104,370560
nicho,lista,2000,10830,1.095,370560
nicho,lista,2000,10830,1.187,370560
nicho,lista,2000,10830,1.260,370560
nicho,lista,2000,10830,1.170,370560
nicho,lista,2000,10830,1.363,370560
nicho,lista,2000,10830,1.418,370560
nicho,lista,2000,10830,1.361,370560
componentes,lista,2000,10830,0.458,370560
componentes,lista,2000,10830,0.351,370560
componentes,lista,2000,10830,0.425,370560
componentes,lista,2000,10830,0.495,370560
componentes,lista,2000,10830,0.383,370560
componentes,lista,2000,10830,0.239,370560
componentes,lista,2000,10830,0.308,370560
componentes,lista,2000,10830,0.209,370560
componentes,lista,2000,10830,0.320,370560
componentes,lista,2000,10830,0.398,370560
bipartido,matriz,2000,10830,2.071,4008000
bipartido,matriz,2000,10830,2.026,4008000
bipartido,matriz,2000,10830,2.040,4008000
bipartido,matriz,2000,10830,2.102,4008000
bipartido,matriz,2000,10830,2.145,4008000
bipartido,matriz,2000,10830,2.329,4008000
bipartido,matriz,2000,10830,2.155,4008000
bipartido,matriz,2000,10830,2.130,4008000
bipartido,matriz,2000,10830,2.179,4008000
bipartido,matriz,2000,10830,2.397,4008000
nicho,matriz,2000,10830,2.899,4008000
nicho,matriz,2000,10830,2.885,4008000
nicho,matriz,2000,10830,2.989,4008000
nicho,matriz,2000,10830,2.830,4008000
nicho,matriz,2000,10830,3.206,4008000
nicho,matriz,2000,10830,2.906,4008000
nicho,matriz,2000,10830,3.206,4008000
nicho,matriz,2000,10830,2.826,4008000
nicho,matriz,2000,10830,2.820,4008000
nicho,matriz,2000,10830,2.882,4008000
componentes,matriz,2000,10830,2.293,4008000
componentes,matriz,2000,10830,2.076,4008000
componentes,matriz,2000,10830,2.231,4008000
componentes,matriz,2000,10830,2.063,4008000
componentes,matriz,2000,10830,2.036,4008000
componentes,matriz,2000,10830,2.032,4008000
componentes,matriz,2000,10830,2.117,4008000
componentes,matriz,2000,10830,2.119,4008000
componentes,matriz,2000,10830,2.114,4008000
componentes,matriz,2000,10830,2.013,4008000
